yKx4EVaByZzHEqtJfB7RDg,Maeve C.,5,zenkichi-brooklyn
5BpJEC8YVi80ecWT5CtlfQ,Jenny S.,3,zenkichi-brooklyn
GU9jPMcMJac0h1LmHajJQQ,Catherine D.,4,zenkichi-brooklyn
wlGtN3BOW4NugZ270K3HOg,Alexis H.,4,zenkichi-brooklyn
1XiNqYOeDPdf4nAbIIHe3w,Owen H.,5,zenkichi-brooklyn
TCi9p45-gPnlhaHXPVRprw,Amir A.,4,zenkichi-brooklyn
vIMLpthB-dq5T1Mszsa6iQ,Sarah H.,4,zenkichi-brooklyn
dAeD_uRc33tSX3PAAU5W9A,Eileen J.,5,zenkichi-brooklyn
uVHSUL7G2wLBu7EAX_MzdA,A A.,4,zenkichi-brooklyn
PkE_l4DzUnAkxxih7hv62g,Stacieee L.,5,zenkichi-brooklyn
er7XXsJZEeBaubRRcb2afQ,Hannah H.,4,zenkichi-brooklyn
XlK_8AY2wCIpIdGUe7JjZw,Jeffer S.,5,zenkichi-brooklyn
VkVmNyM8DGTpc453AcXOlA,Liz B.,4,zenkichi-brooklyn
Nop0_NPITxK6Qeh5-JiVIw,Steven L.,4,zenkichi-brooklyn
8QKzEc_IwJx6SNnpF77R1Q,Yuriy L.,5,zenkichi-brooklyn
0jo4Zp0vNaBDlP1F9z9DZQ,Derek C.,4,zenkichi-brooklyn
spGBr_gW1rpopEgiOLd5tA,Viola F.,5,zenkichi-brooklyn
HqMWEEsYIXoFhdDIX1NtrA,Stephanie C.,4,zenkichi-brooklyn
ffzafjLK3aXBvLCRh5uyqQ,Jeremy L.,2,zenkichi-brooklyn
ENrbEhfrLMZ5Me5pb1HBnA,Heather M.,3,zenkichi-brooklyn
NXYGqMcrxN84-npVp0CiWw,Alexandra S.,5,zenkichi-brooklyn
lt5bJid3BYRUjXTo5JKKRg,Iheart L.,5,zenkichi-brooklyn
Kt7Zp1b9i-AE4yOQiktpGQ,Anna Y.,4,zenkichi-brooklyn
q4oGHjmtUOHDMG7sDKcqgg,Joan X.,4,zenkichi-brooklyn
jB7WquY2JvE9U3W7Wz69Ow,Puttachat T.,5,zenkichi-brooklyn
w9vtTCrUFjvIzNs-KCfMew,Chris C.,4,zenkichi-brooklyn
oiuKhq6xfpVJkzWBoBVP0w,Ammi R.,5,zenkichi-brooklyn
ZinjzaSwVVp6EymALTpx0g,Lauren M.,2,zenkichi-brooklyn
biW1HmiWwD3Cilrq2zYAjA,V Y.,4,zenkichi-brooklyn
KpQn-kTrCFUO3ShMoWNgzA,Jen K.,5,zenkichi-brooklyn
9_VcJYZ7USe6jFFNytSBXg,Ginny L.,4,zenkichi-brooklyn
9FZvvs-xmH5o5fJjx9PCsQ,Jade L.,5,zenkichi-brooklyn
KwnZO3ftruoWhgghWSM99A,Grace P.,4,zenkichi-brooklyn
hl0xxilc0c3UWCVpspVtpw,LeiLou O.,5,zenkichi-brooklyn
jIs0jyYMc3T-3E2UmaaH4w,Ka Yi Alicia N.,5,zenkichi-brooklyn
AWCY8laHjH0-3HMT0LGpUA,Jin Y.,5,zenkichi-brooklyn
UQjTQILOVELefNtL3rczfQ,Tony C.,5,zenkichi-brooklyn
yrryaSr3y5B8xfBZRgZfuQ,Deborah S.,1,zenkichi-brooklyn
VdZvrm0IojE1QEKlVg8wAQ,Alice C.,4,zenkichi-brooklyn
pTuRfSinIVIQUq2_ukbDJQ,Preeti B.,4,zenkichi-brooklyn
WQxG2VgXNem33cwPEnsX9A,Seema G.,4,banjara-new-york
hlPOotTeYCyd5TQAKpv5LQ,Meghan M.,5,banjara-new-york
w80b1pCIHPPLXB3fIhej9w,Gabrielle B.,2,banjara-new-york
YGgZYCU7_xGkddBydIAZwg,Roksana B.,4,banjara-new-york
LtSJsEE8WkY2_bFfSegMLw,G W.,4,banjara-new-york
7JBt-O0iMMKpy1J0v1S0-w,Manny M.,4,banjara-new-york
VLF3wrm37kcLlYc2xP2t3A,Kate F.,4,banjara-new-york
2Kq0rEgkla7UX0Q3dqQBJA,Ridiculero R.,1,banjara-new-york
qc4OaLI-y2yEgUPgJ0DxNQ,Dorim L.,4,banjara-new-york
DdcxAsTLHTkespmMBquA6Q,michael u.,1,banjara-new-york
s1keSWiukT9Ug1TdKuM8qQ,Noah I.,5,banjara-new-york
zsx_5Sz1IqbjEdynqLWp7Q,Jennifer K.,3,banjara-new-york
HxyLRaoH9PS09M6R3rV-EQ,Shereen C.,4,banjara-new-york
3P6wLKGGAcQd_GBFpgrlJg,Lisa F.,5,banjara-new-york
SDytcPY5fiuuDbTkPE8GyA,Pinky And The B.,5,banjara-new-york
Nx98Vw6UQx0AOP1YiHi80w,Ryan R.,4,banjara-new-york
4aKBSZVBUSq1nfTrOHlAvQ,Tina Y.,4,banjara-new-york
JyqDfAiDbtASahLea4NFjA,Sheri s.,4,banjara-new-york
kwLjniiYa1H57LwQX2TGIQ,Li J.,4,banjara-new-york
eJHUtTK1qnLBFavYJW6-Gg,Sam D.,4,banjara-new-york
qMDUZ4h3hGdsk_VBKn4GRg,Shakeira M.,4,banjara-new-york
pIIY2GaS-ccHLKKGiqf19Q,Bill J.,4,banjara-new-york
8P7Vflgfo_ckTRaxRsR6AA,Steph X.,5,banjara-new-york
tzG3L3w6xoVCosM_L3T4ow,Julia B.,4,banjara-new-york
78-M6-TwfvbbFDtpJF1bXQ,Francisco H.,4,banjara-new-york
9uf4g85B_gz2W4d_GZI-Wg,Jason G.,3,banjara-new-york
G3UN8JtgbvfXCHgfGU114w,Rishi G.,1,banjara-new-york
oSopAw4aeq7jR9ytR_NxLQ,Lesel M.,4,banjara-new-york
jxZxsthHVwK1zOaQA4d9gw,Veena K.,4,banjara-new-york
1FTxfKzO0DgHS3n_8NtWYw,Dave S.,5,banjara-new-york
5tA-QJBANAicg-z_NLa4ZQ,Dan M.,4,banjara-new-york
T3Qpy5ixVcPSKW4SArYtRg,Lucy C.,3,banjara-new-york
no1Eg9lva-cgTTVX4s46dA,Angel F.,5,banjara-new-york
Ala-e06EgNWtFlmhNKYWEw,S S.,3,banjara-new-york
sYzWI7uUvEGM9G8EDrT6zw,Monique R.,4,banjara-new-york
LAX-mM-cOJ2ownL-waC8ww,Sean S.,4,banjara-new-york
3-4fdUfzTOqK2cXdnUQ1Ww,Natalia M.,4,banjara-new-york
cD_hpkvErXCyQHBQzv8KYQ,Atif I.,4,banjara-new-york
Vv_QNh9H-gTF9WabR5vH3g,Wendy C.,4,banjara-new-york
-w8h1g9rauc0gg_zvljdwg,Sunim K.,4,banjara-new-york
_nK1MTgDaRS7Eb6MVglX3w,Brittany B.,4,marumi-restaurant-new-york
cEj_Vm8n7O4YnUzo6zaNzA,Kevin W.,4,marumi-restaurant-new-york
DADeartoY98YXskrzD5Xaw,David H.,1,marumi-restaurant-new-york
eCcP_PZzRzeg7qI0mHK71w,Pam H.,4,marumi-restaurant-new-york
bm7l78zDbjup1stCxrvW7Q,Fred M.,4,marumi-restaurant-new-york
cBIkLz-J_qyKAtFCZy9dUw,annie t.,3,marumi-restaurant-new-york
zVcR8aYFgbgxzGCdpja1Ow,Taiyo O.,1,marumi-restaurant-new-york
WtmvstOJSVcvM7Yov5WZ3Q,Natalie P.,4,marumi-restaurant-new-york
OZ0wUm_hkw9QXaK1uiRHEw,Che W.,3,marumi-restaurant-new-york
dIAkWV0WhRIUyznZXSot1g,Sally C.,5,marumi-restaurant-new-york
w6yxbMcMglCxmBnoMdLKtA,Justin K.,3,marumi-restaurant-new-york
bqYWbCGOi4jdWJ4dpfwXcg,Jennifer S.,4,marumi-restaurant-new-york
QdldlO6iqEaOMmjYRZWCTA,Priyanka P.,4,marumi-restaurant-new-york
dhmrMJHoROP5kgxwVyxxTg,K T.,5,marumi-restaurant-new-york
QeaurGinh1CG6cNqsaW12w,crystal l.,4,marumi-restaurant-new-york
-7XjWTYx9za7iIKxHS_KzQ,Ash C.,3,marumi-restaurant-new-york
_ZSzun8g8U2Fsvqb-uBd2A,Kim V.,3,marumi-restaurant-new-york
7Wb9ejvotbP0MfuExigzHA,J W.,3,marumi-restaurant-new-york
1ERWygv9tWZXiy-QZ-uOPQ,Yashar Y.,3,marumi-restaurant-new-york
DM-xhAHMpMYgUO9cbtcf7g,Sue K.,5,marumi-restaurant-new-york
7WIzokPxilJ_PLlfppI8Hw,Cher A.,3,marumi-restaurant-new-york
kMPSklg0XL9uYeYUgX2oCg,Tiffany L.,4,marumi-restaurant-new-york
iJyyI2EMRID0xzwFdb1z2Q,Chen L.,4,marumi-restaurant-new-york
I66DKIsy0VfMKYlrsdByHw,Brian B.,5,marumi-restaurant-new-york
9H2hvHUmEbn8nkfbu82FzQ,Chester W.,4,marumi-restaurant-new-york
8AFjJPp-eDh5NEhbIB1rgg,Mary L.,4,marumi-restaurant-new-york
9oV4aZTpZq_AfBdx_x6YRA,Jeannie C.,5,marumi-restaurant-new-york
Aeak_MtjLgtjje3BT5DSxA,Sona P.,4,marumi-restaurant-new-york
T0eCPE21KxFK7VbMbaJzOg,Forest R.,4,marumi-restaurant-new-york
5gz8szYeYntJMCBtReC8gA,Angela N.,5,marumi-restaurant-new-york
cuVrNmt7_WtBn1uz5L_p0g,Mike O.,5,marumi-restaurant-new-york
oMF0Sx7ndYa1hXEELk3-JA,Sandy Y.,3,marumi-restaurant-new-york
3N5BvyGPnbCIW9Tzb8Tw7A,David H.,5,marumi-restaurant-new-york
ylz7Ngo9X8xpL37BkYRMXA,J C.,4,marumi-restaurant-new-york
Eq-d49GKkcV7fcQONzOpBg,Brittany A.,3,marumi-restaurant-new-york
L0zuRFAEmP1i1E290O7Mig,Lisa R.,4,marumi-restaurant-new-york
fkwe4UPhjbF4yNVk-rtQkg,Vicky C.,4,marumi-restaurant-new-york
wZPizeBxMAyOSl0M0zuCjg,Jess L.,4,marumi-restaurant-new-york
3Bo0-UutQreFwKD7UgKC-w,cy c.,4,marumi-restaurant-new-york
mlbx-CFuWD5qnvmvSy1dbQ,Emanuel H.,3,marumi-restaurant-new-york
rsCVG7-I1zWQbTTzubLIMQ,Minerva T.,4,nougatine-new-york
6DVWB-U4DfxkSZlu3yLjKQ,Susan C.,4,nougatine-new-york
TrDPq6VOTtjY4lpdyw4IRA,Sandy L.,5,nougatine-new-york
ivSZlGy0Yc1MstESj6TOsQ,Nita P.,3,nougatine-new-york
jk5oDKpRerjJ_U5Z8sAz5w,Brian H.,5,nougatine-new-york
04ywlzsUfHr23SEpp_1YWA,Kat A.,5,nougatine-new-york
vpNw08w4eVmolEQ2aYZb2w,Kevin R.,5,nougatine-new-york
lvTDfYZPIFXFDvT6ndhplQ,Ami Y.,5,nougatine-new-york
xFxkiR6mHrE27RO9jd-GJQ,Bob G.,5,nougatine-new-york
QWxW_pApmpY9iPApC8P-UQ,Kelvin C.,5,nougatine-new-york
dzusrWgtPqTLdUAcqRGjIw,Amy K.,4,nougatine-new-york
GqzoKYXv6F1O85bhywyoSA,Kathy D.,3,nougatine-new-york
3F_qSpruK6pl0WLw0_Lptg,Jordan S.,4,nougatine-new-york
ijeAwKJAKPMFEb-E2a59Yw,Sarah K.,3,nougatine-new-york
kjPzDFE6E5kp1dIJbNzrEA,Grace H.,4,nougatine-new-york
GC4TViVcSHnFaRdTX7nEyA,Lisa T.,4,nougatine-new-york
ne5bk2hogq6Ry_Jp5NJdzA,Jim B.,2,nougatine-new-york
8hKTEoW20CBB1_U4UZDSYA,Ricky C.,4,nougatine-new-york
KCdp_wGw0OgJgXHTJt-G0w,Josh K.,2,nougatine-new-york
E83utrUHDcRz4fkM1RcnAA,Tiffany S.,5,nougatine-new-york
ljBC-J-in7cW9Wvrw1xo0w,Kimberly N.,5,nougatine-new-york
5fU095Orkrb3V2Wjcd94LQ,Steve L.,4,nougatine-new-york
KeiOUdpKz3hOn8ncAeddjg,Leslie H.,5,nougatine-new-york
4EvMmwNoIcVCQapOGtOupg,Sam L.,4,nougatine-new-york
sgO-W7YX6ZHeNHQFOl3nGA,Jason N.,4,nougatine-new-york
gLIm7MuMCYHxUUt7mtjTlg,Randall S.,4,nougatine-new-york
dSMGngUonzIFBRWhYKiqXw,Yizhou D.,4,nougatine-new-york
Dq_Jkpx4xpbh4iofayOr6g,Doreen L.,4,nougatine-new-york
CMwZKSVHrqCxNPiSuvz91g,Ben H.,4,nougatine-new-york
d0Ccgi51PrM6uJFkrJJKMw,Jonathon F.,5,nougatine-new-york
9pYPUZb3t3dfssAnORhE-Q,Peggy P.,3,nougatine-new-york
iyuo4SJ_wMZ7rcbJzexCVQ,Clint H.,3,nougatine-new-york
8CDxLgZ64GOMCS_ikvNnqw,Lily C.,4,nougatine-new-york
j-vdi5r6O3voWtRdju9s5w,Shing Yiing O.,5,nougatine-new-york
6EWTW6G0kewndOIgwcR5dQ,A W.,3,nougatine-new-york
ApJ9YgYU-AhS4a-F5oTGHw,Nicole L.,4,nougatine-new-york
gMfkWTxRVZtJAMm_adQKsQ,edwin h.,4,nougatine-new-york
E3y5MW_YFnlmvvagjBt_Xg,Tirthankar D.,3,nougatine-new-york
fG9ACC-u5MufRHtt_nqmLw,Siya L.,5,nougatine-new-york
UglmPVorcPvq1IIDLuefFg,Lee G.,4,nougatine-new-york
ka1_re0A9E7EY-B03A16MA,Jenna M.,5,nougatine-new-york
bwUb11KNZkFMEW1HhMjSvA,Jenny W.,4,nougatine-new-york
ife6MmY7gQhDSGZJXbHL6g,Derkins R.,5,nougatine-new-york
iAcGe58hmd-BRvv5BLAPMQ,Victoria L.,1,nougatine-new-york
Sxq23xvpMDhyWx1WG7pHkQ,Mai L.,3,nougatine-new-york
K_Cv60SQNEbCWrYEfDRngQ,Sam P.,3,nougatine-new-york
SRAdV_c3hq3kVQ2dlYAxHw,Tiffani B.,5,nougatine-new-york
XDWIe_6JjU2cHLDbIFEjmw,Angela P.,4,nougatine-new-york
rZ0e4Cej7WW0Hc3Hcf_Rhw,Alex N.,4,nougatine-new-york
5qA1FWmlxWMQx4Expl-TQQ,Kissmahon e.,5,nougatine-new-york
oM0WbJVennAlC0Rt-IyCYA,Jack K.,4,nougatine-new-york
jG-g8P98R0HKNBz07nlClQ,Bibi J.,5,nougatine-new-york
LAX-mM-cOJ2ownL-waC8ww,Sean S.,4,nougatine-new-york
0AmHNfDOcljDsftPVMmmmw,Michele L.,5,nougatine-new-york
w9t4fJ_6rT2MfoeVBX7uKQ,Julia K.,3,nougatine-new-york
Ys7Wrc8-9AqljfkcZXatew,David F.,5,nougatine-new-york
yv28TS8fc8ddYVb8ztzPkw,Brittany C.,5,nougatine-new-york
qEGUy8v7QI1s83p_zyVHNA,Mike J.,2,nougatine-new-york
fhGrJv6kJOakL7BaiRteUA,Tiffany L.,4,nougatine-new-york
r4ZXc4HYIiTyTp2E6BV7WA,Melissa T.,5,nougatine-new-york
-oan2fmupzbnzc91echvgw,Jess A.,4,nougatine-new-york
j0k1p96nkFMcxgy2TW6ffA,Thomas M.,5,nougatine-new-york
8pOo4_omSoFCUbmJOPxblw,Kaia Z.,5,nougatine-new-york
K1a5LjDANwCOmHkL5iGRFg,Tara K.,3,nougatine-new-york
MeaeI6ALyHkysFKpP1vlOA,Tia T.,4,nougatine-new-york
sAFpja0WGBhR55GLYA4SPg,Sheena E.,5,nougatine-new-york
pj037Y6avCaWbG2e6NEnzQ,Kari E.,5,nougatine-new-york
uKPXdvYg5pij-zOnpGfrcw,Akansha S.,2,nougatine-new-york
1S-QLWu3H3aCbrWmCTtCbA,Charlie D.,5,nougatine-new-york
gMuIQaotLEaJ_RfKX2FWPA,Juelz K.,4,nougatine-new-york
ZrbbejDpdq8w7uWWOhRfHw,Kara M.,4,nougatine-new-york
n2bUMPbNNUxz0N2WkyiMjg,Evan R.,5,nougatine-new-york
ONO3Prlq46Mh7GCnjT1pbQ,Trevor P.,5,nougatine-new-york
sBzIbkNO9i7lRNdzB94vFA,Tatiana L.,3,nougatine-new-york
k3vDtGiQewCA5qA4DAypIw,May D.,3,nougatine-new-york
aiKhLK2fIDc_ZIs1CEtL-A,Tricia R.,4,nougatine-new-york
_oPtg_4TMQuB8Hb1ANQxVw,Rose W.,4,nougatine-new-york
GuhSD-jy--l7yG2HvFR8TA,Adam C.,5,nougatine-new-york
t81oc_C48XOIEQ8f2mUw5w,Miranda K. D.,5,nougatine-new-york
tidcqPzhO8mZyNV_cW4y9A,Jeff K.,5,nougatine-new-york
3Xxt0y4dOg-ewnudA8eWsw,Maly A.,5,victors-cafe-52-new-york
DXnKnhHwkWb27uBSFLmNDA,Anne A.,4,victors-cafe-52-new-york
uBGBtkZAerC-VcURTXmVWQ,Elizabeth J.,5,victors-cafe-52-new-york
dCDhyMKATuKxviyfAJ8dTA,Jacob M.,4,victors-cafe-52-new-york
qfc_YlvTU5-iCRHGaWCcxQ,Scott K.,4,victors-cafe-52-new-york
qkreXL6AorI19QA3f2wvlQ,Vira P.,5,victors-cafe-52-new-york
GVpJgeTfkfk3gRbz3UXtaQ,John R.,5,victors-cafe-52-new-york
KO48t4mhZekTkKaPDeOgBA,Kai L.,4,victors-cafe-52-new-york
k5waQ9XxnYE-0mfmykGtag,Elizabeth M.,5,victors-cafe-52-new-york
Fh6Z1bygVNsmV_nHdGKiSg,Rebecca M.,4,victors-cafe-52-new-york
MQKXMvDzVwYMyhP6xc1NwQ,Suave L.,4,victors-cafe-52-new-york
Opq3UOxFj_h7MXHtWeP-Zw,Dana S.,4,victors-cafe-52-new-york
-6rIEAYpHweEXETmc-gbjQ,Mike H.,2,victors-cafe-52-new-york
IF-zB7Cf72ABdB0jCDBsrg,Gene E.,5,victors-cafe-52-new-york
xQw9BHwpG8oxnJlUurrEyw,Andrew d.,4,victors-cafe-52-new-york
1XiNqYOeDPdf4nAbIIHe3w,Owen H.,4,victors-cafe-52-new-york
Cck_4Sl8MvivoFQApOhzIQ,Sharon G.,5,victors-cafe-52-new-york
mAqj8WY-uHncPpCn3ahCiA,Gregory C.,4,victors-cafe-52-new-york
h-z_gDQBpUczc9lGPQRG8w,Vickie J.,5,victors-cafe-52-new-york
9N3rQcrFqtyLsG3uD-P2iQ,Thi L.,4,victors-cafe-52-new-york
iCUyGjNS8sj-VUpp1L8NUQ,Mike C.,5,victors-cafe-52-new-york
UcSOkREwB84WqgCTuMTNDA,Paula M.,4,victors-cafe-52-new-york
p9hZiHN2bAb1dzFV6l6GHA,Melissa D.,4,victors-cafe-52-new-york
RgcZl3jNDpC5_WRX2HHbiA,Carlos J.,5,victors-cafe-52-new-york
kwLjniiYa1H57LwQX2TGIQ,Li J.,4,victors-cafe-52-new-york
FUvMDwDHihDWbBJ7E3xgHw,Sara A.,4,victors-cafe-52-new-york
1t9Q6IVzE6b8Nadn5YaUGw,Bibi B.,2,victors-cafe-52-new-york
tO9cr4a39pJrVFAPqOcERA,Shaquana L.,4,victors-cafe-52-new-york
p3ZAbsCDpENt6CQhbNHPHA,Tricia S.,5,victors-cafe-52-new-york
33_ba3krpFtQBJpC2C9KOQ,Rose L.,4,victors-cafe-52-new-york
_VAaymR7J0TKO-t1fZ_d4g,Henry P.,5,victors-cafe-52-new-york
n7NsRG7oErYk7sKgHDU3sA,Mari V.,5,victors-cafe-52-new-york
R7P7WvwAPIudfckwL8LT0g,Lia G.,3,victors-cafe-52-new-york
50HBwmSNGJlfHsWWujpgQA,Elyse C.,5,victors-cafe-52-new-york
02wEeeYSXx2E-E0P2Cm1Hg,Sasha G.,4,victors-cafe-52-new-york
ZtKll2ySQfGftaXqAFe8Zg,Kenneth D.,4,victors-cafe-52-new-york
MS0bHZhfRI7xE6Htt3XNdQ,Monica C.,4,victors-cafe-52-new-york
9YnR8Zs-LI2NgupPP4rmrw,Nancy S.,5,victors-cafe-52-new-york
yZ6eFHaOnusQb2iExv0upg,Tony D.,4,victors-cafe-52-new-york
nj2D-MjPvpOqXjr2vbJhAA,Rebecca Y.,4,victors-cafe-52-new-york
ulRlsjZKdsh6AxRReXt5hQ,Jimmy O.,4,park-avenue-summer-new-york-2
4VO8mF26U17RssZXtGivYw,Stan D.,5,park-avenue-summer-new-york-2
LCT0Erxtc6nA9nAV1CB7UQ,Mel B.,5,park-avenue-summer-new-york-2
Vn5v_1uPoRmx9r-A4pwqmQ,Donald H.,5,park-avenue-summer-new-york-2
Pf7lmGST22FHadO4wADG2Q,Ha- R.,2,park-avenue-summer-new-york-2
eV2Ny_84E0Fp4z-QliRJrg,Sara D.,5,park-avenue-summer-new-york-2
5nIpguYpS0hL2sr-BTeQAA,Michelle Z.,5,park-avenue-summer-new-york-2
AZ5KfKl-BtoMFRvocKCHOw,Mary H.,4,park-avenue-summer-new-york-2
43QXqwA8KBIb_m7IBtoEgQ,Allen Y.,4,park-avenue-summer-new-york-2
1NiFzHrYBelhADBdSnCy_w,M I.,1,park-avenue-summer-new-york-2
6JPLaHmKw1j8KozA7C6t3Q,Lpad C.,4,park-avenue-summer-new-york-2
ZTHUD6NMvulb_Z53m5oWgQ,Ani H.,5,park-avenue-summer-new-york-2
YAkNDXeHUlAJVS_lEelmZg,Stephanie R.,4,park-avenue-summer-new-york-2
Sd357RRT7uLQ3v52aQaLqw,Jane H.,4,park-avenue-summer-new-york-2
E05102hevz6RCqi7dXHolw,Erik D.,5,park-avenue-summer-new-york-2
Rw8VcGgVxJavNc1LePlDgQ,Katie W.,5,park-avenue-summer-new-york-2
PpWByGfXN1_l46Hz9lzRzQ,Claire L.,5,park-avenue-summer-new-york-2
kMf8nZDoBxV1Tm5P12D9Dg,C. H.,3,park-avenue-summer-new-york-2
mYixD_8UezoPy-eF74UMZQ,Jean S.,5,park-avenue-summer-new-york-2
v1pKH5c7C5pEyrlVjIbr-w,Katie C.,4,park-avenue-summer-new-york-2
wtHokZjpba-GRgkBNX_KFg,Julie A.,5,park-avenue-summer-new-york-2
3sP5BTTV7AkQLDes-zYZdQ,Stuti D.,4,park-avenue-summer-new-york-2
2zETDTdZx8CNtEg9Fs6RUw,Allison S.,4,park-avenue-summer-new-york-2
ygqzUvWurjq6lTWXdloUFg,Andie H.,5,park-avenue-summer-new-york-2
uBGBtkZAerC-VcURTXmVWQ,Elizabeth J.,4,park-avenue-summer-new-york-2
rvHR7L1RjDHdC6OGdGIJ-w,Elizabeth M.,4,park-avenue-summer-new-york-2
uGxZsYdycvVcCl3KoJyOsQ,Arthur Z.,4,park-avenue-summer-new-york-2
0lpxU4Dfi8AeBt0SeCrEuw,Siv L.,5,park-avenue-summer-new-york-2
OQBzhmnAj-tICtdEiG4HzQ,Elle W.,4,park-avenue-summer-new-york-2
OjzwEyl7DSgjLxUcJeex6w,Jia H.,4,park-avenue-summer-new-york-2
mkln34Wl3OT6QPKSF1vNaw,Stephanie T.,2,park-avenue-summer-new-york-2
3iBlZlzxr-ZucgiL6rsyNg,Kathy C.,5,park-avenue-summer-new-york-2
w6OkJLx5TAex7rQYpqPfAw,Tracy X.,3,park-avenue-summer-new-york-2
fHH6b6yDm1PSoC0G7VPRdA,Ro N.,3,park-avenue-summer-new-york-2
YBa116q7RFrXZq6a0yVlCQ,Jin D.,4,park-avenue-summer-new-york-2
T4EobDVBV92-OhwEBsyMLw,Jen C.,4,park-avenue-summer-new-york-2
Ax2W2agdZHKeHjfrlVa58A,Kudo Z.,3,park-avenue-summer-new-york-2
cFkVH3unu7QjoAQXFfqi_w,Jennifer D.,5,park-avenue-summer-new-york-2
nPz2xnwQV9Wsi6F--tvlPw,Brian C.,4,park-avenue-summer-new-york-2
XrHwljRA6Z_Oqanh1-RLVQ,Christie Y.,3,park-avenue-summer-new-york-2
no1Eg9lva-cgTTVX4s46dA,Angel F.,4,congee-village-new-york
Dr3HloQMqrjuJEUsTIbqPg,Alan P.,2,congee-village-new-york
G66XHhFY4-AftF5Poqwz2w,Linda C.,5,congee-village-new-york
aC7wx9w95dIi1p2z0d0weg,Bin H.,4,congee-village-new-york
Pg8Wg2vz6vxhmd7aCMaZtQ,Wendy Y.,2,congee-village-new-york
oQ38S-qaD_OAHMKHzySDyA,Katie M.,4,congee-village-new-york
4vsomMkIGl_r0P50neDcDQ,Yudi E.,1,congee-village-new-york
PW5dMvbKUwyxWvzzl4leAw,Jessamyn H.,5,congee-village-new-york
MMiAi2H4LpWgwMKdIMAdQw,Anny Y.,5,congee-village-new-york
pe3AX1Mw9HCcngmjl02Nxw,Grace O.,5,congee-village-new-york
HKIFN7bin1aKtQZ9k9tRlQ,Maynard G.,2,congee-village-new-york
sQx0srKCXbAHnqhGhpZgvQ,Eri S.,4,congee-village-new-york
zSh4k6UK_u5MKION71gPiQ,Nidaa M.,5,congee-village-new-york
aR-7cs2wESb1nJpiFlHhvg,Eric J.,5,congee-village-new-york
wQ0lKC5BMg3ZvCco8FI1EQ,Stephanie P.,5,congee-village-new-york
APoAugdz6nscL4HjF4Oryg,Allene T.,3,congee-village-new-york
6QZst71Pv9Ob6eT5DB2uzA,Bruce T.,3,congee-village-new-york
0NwTzemq8Dr5jX3SdVGrrQ,Lisa H.,2,congee-village-new-york
q50TER71JFeLZr7yRou45A,Brenda C.,4,congee-village-new-york
43pJfnOJ5OBJnD-ydM7RfQ,Josh W.,4,congee-village-new-york
CEKNxvpwSfuqd-jgPFZ8-w,Maggie L.,5,congee-village-new-york
EFXzd5wb3Q7BQ8AdWO80KQ,Michael L.,3,congee-village-new-york
LzHbv5DBTa-pOTvO-BRRoQ,Katrina L.,3,congee-village-new-york
CH9XhZWmcLYVAlzhwrhMvw,Jessica D.,4,congee-village-new-york
VqmLxWjFOsyUvXrF4nFolQ,Leo F.,5,congee-village-new-york
DuU6r8LH2srLi7JQ9r6wcQ,Anikha R.,4,congee-village-new-york
M3kLHsxIX1MPKKtZHdxlxg,Paula C.,3,congee-village-new-york
uqSinGq1LKH_zuf-ZdeDEg,P C.,4,congee-village-new-york
UqP_EOPKa-MQfydgWXsxvw,Peter K.,4,congee-village-new-york
9nRomxjZoFdxUbrf3Ff5yQ,dat n.,4,congee-village-new-york
3v1fuM42pNdrxuO-3fvCNQ,Will T.,4,congee-village-new-york
QVEaMB7dDsOpkUWGGmv1JQ,Nidhi B.,4,congee-village-new-york
8OimNLYjAih0RE0b5mHLQA,hugo z.,5,congee-village-new-york
El3pEureCO6S8SW13Ky0lQ,Tina T.,3,congee-village-new-york
MDZ_QIvzv5VtLjy6kHj5xg,Jessica K.,4,congee-village-new-york
pl4pW9Sf1dX9MFnGlAeRZg,Kristi G.,4,congee-village-new-york
xWASTkTn-YLgQpU1fAQdkw,Eunice T.,5,congee-village-new-york
lyeR3IwagroikOiPEbUfqQ,Marcie L.,3,congee-village-new-york
NlqFbF3Mge0P-QrC-YnKDg,Elizabeth C.,5,congee-village-new-york
7weuSPSSqYLUFga6IYP4pg,Julie L.,4,congee-village-new-york
9Hhbk8CIe67WTVDV04s8kw,Gabe R.,5,the-harrison-new-york-2
ELWxPuTolEKgHLDTPg8ITg,Bryan F.,5,the-harrison-new-york-2
t6dnI9F0_MyLKNCxI591RA,Tracy K.,4,the-harrison-new-york-2
odcLG-igtenyo2Tjr3r_Yw,Karen v.,4,the-harrison-new-york-2
di68l8RWq8omZjGWyMLxVw,Arianna P.,3,the-harrison-new-york-2
f5oATNxLVCEllpJWgrfFIw,Dimitri V.,5,the-harrison-new-york-2
cBIkLz-J_qyKAtFCZy9dUw,annie t.,3,the-harrison-new-york-2
y94FS7iXvZp9QISUc0F__Q,renje g.,3,the-harrison-new-york-2
ASsznAAjSCiQMhDR2OJOfQ,Helen B.,5,the-harrison-new-york-2
oH9K7eCuNsYr6MmlM2ZjUg,Buo Z.,4,the-harrison-new-york-2
uMbumHpc61dSdnSGJCXq6w,Jennifer C.,3,the-harrison-new-york-2
mB40W972kFqC8zYsC9w1Fg,Jessica C.,3,the-harrison-new-york-2
bqsiYubSM1YViK0F7RbJIA,Lauren C.,4,the-harrison-new-york-2
Zg4Ui51AHxwQ44QZqNKXhA,Rae F.,4,the-harrison-new-york-2
THBuIxYj25kuy-dWV-TQ0g,Katie G.,5,the-harrison-new-york-2
1urLDo7ERWxf5IgW7v9tKQ,Yvette S.,4,the-harrison-new-york-2
O-7y0Ep03Nu0JLo6xuJahw,Jenn Y.,3,the-harrison-new-york-2
OdBMI9tsNvObvd2ad7CdNA,Annette M.,4,the-harrison-new-york-2
cJZkPyA-YJk1JgX5KVXaHA,Alexandra F.,4,the-harrison-new-york-2
DRT-FcIa-ls1AqCX9e5Nvg,Dan C.,4,the-harrison-new-york-2
HPA3-VF8sq6g5lrYdX4PSA,Jinny P.,3,the-harrison-new-york-2
A137pSJpzXkAYdk72vIoCg,eve a.,4,the-harrison-new-york-2
m9aKsxZlwi-XUDM4GQRkaA,Ah-Hyun C.,5,the-harrison-new-york-2
KK01pIescHjSbVnZcXrgOg,Andreina B.,4,the-harrison-new-york-2
OmBCReJ_w9PkhqMPNIMT9g,Lauren K.,3,the-harrison-new-york-2
7-3hVAMj42uAyc3oiVIlQA,Kimberly Q.,4,the-harrison-new-york-2
HGFzfaf9qw74SAEzytqwpQ,Peter V.,4,the-harrison-new-york-2
MhaTN1MSs1B8SCwUuL0CIw,Michelle L.,4,the-harrison-new-york-2
74Myfl8pOGeKcmkVTimsvg,Krista M.,4,the-harrison-new-york-2
qhw0RjIGgStx7s4mjqkWFQ,Eve C.,4,the-harrison-new-york-2
APWzyF902Nmk45K2im716Q,Cindy C.,4,the-harrison-new-york-2
YJ854LPZFsZ6gjB3qaJsMw,K M.,5,the-harrison-new-york-2
nf9W_nJ8tQjuL1KIhufV2A,Stacey S.,4,the-harrison-new-york-2
3Xxt0y4dOg-ewnudA8eWsw,Maly A.,4,the-harrison-new-york-2
aFDTRdIPpnIam1VAG2TmRg,Lauren L.,4,the-harrison-new-york-2
cH8ZLnjrJgtd2AcENWgBFw,Lama B.,4,the-harrison-new-york-2
pzFXSDVSxh83CaetHqfODQ,Marie L.,5,the-harrison-new-york-2
tH5W_hK12OWuur74rM_YMA,Amy C.,3,the-harrison-new-york-2
G0K5EDd1P06pExwy3NYHLQ,Joanna L.,5,the-harrison-new-york-2
xqs2dAP6Q9NoAnghMhARUQ,Cecilia Z.,3,the-harrison-new-york-2
Ja9gBg4CYOne-MXqHUrcYA,Jon S.,4,basta-pasta-new-york
E9zRaR_jeTywildP4XZDHA,Jason C.,2,basta-pasta-new-york
XDJIShfchuNYFpdn4TBWjQ,Coy B.,4,basta-pasta-new-york
nwKsR5_epCypSzGPsMn0HA,Liza T.,3,basta-pasta-new-york
sJVhc8BFjnIERi6P87yClw,eve m.,3,basta-pasta-new-york
Pf7lmGST22FHadO4wADG2Q,Ha- R.,4,basta-pasta-new-york
JfVCiD4vlXBNaGBoaAu3vw,Jessica Y.,5,basta-pasta-new-york
BnCU-PMVXVwTNu5h7JDYpw,Godzilla X.,2,basta-pasta-new-york
hcZqq-a16ZTjaM2p2MljTg,Vicky L.,4,basta-pasta-new-york
HRYhncbWiGmzzCLKUygVVw,Jeanette L.,4,basta-pasta-new-york
V5v4UBEURVvxKXbaatfjyg,Miri Kwon R.,4,basta-pasta-new-york
3pTkcBjNAiPFLIbyprPKgQ,Diana S.,2,basta-pasta-new-york
lBIfa3INjAj_z2_amlnq3w,Diane Z.,2,basta-pasta-new-york
w4MlcTNAqVLePZFb3DuiEg,Wesley H.,4,basta-pasta-new-york
twRmXVYYZ6umW0xFZLUOLA,Maggie Y.,3,basta-pasta-new-york
9FonkPYmB8X2GEotYPzJPQ,Christina K.,4,basta-pasta-new-york
QUBYaTSeFyBnZJhucPipfg,Mona L.,4,basta-pasta-new-york
2hJO_PsqV667qzO8rcdpbg,Allison Y.,4,basta-pasta-new-york
etNSynRF9dwsfaEIJujdMw,Sammy B.,2,basta-pasta-new-york
GO1pNGocBdaDkt_ErGXkGQ,Jina M.,3,basta-pasta-new-york
GdOftL3cyuc7Ir89iIzSvQ,Sam L.,5,basta-pasta-new-york
-1pSQDWlS3HUU__Xt5Veow,Rachel M.,4,basta-pasta-new-york
jXpaU6pD5jyfMaEF5QDt2Q,Wendee M.,5,basta-pasta-new-york
GC4TViVcSHnFaRdTX7nEyA,Lisa T.,4,basta-pasta-new-york
B4_PApgeq-nEwgRjBKybnQ,Monica H.,4,basta-pasta-new-york
HgsWbknDNvoTuyQdZHqncA,Alice C.,5,basta-pasta-new-york
m8chY7QWNWfeisYG0yiK4Q,Crystine W.,3,basta-pasta-new-york
JmvPnI7-cOyV-V5-oJtf_g,Abraxas L.,5,basta-pasta-new-york
LYzCJh2WyLO0GBdpueEH_Q,Suzanne C.,4,basta-pasta-new-york
WNiADbsjfsiKtXp1DOtXRw,Jackie M.,4,basta-pasta-new-york
LAX-mM-cOJ2ownL-waC8ww,Sean S.,5,basta-pasta-new-york
AuRywaxnBHe16pWLR3zJ6Q,Aaron E.,5,basta-pasta-new-york
5XqSqjbSPo8S15iKMgPwlw,Yoshi M.,5,basta-pasta-new-york
Qp8y7clVQEw7MruG2uDOQQ,Ike S.,2,basta-pasta-new-york
6zqo_ttUDgHAujH7nf-M9g,Kevin C.,4,basta-pasta-new-york
Wjt4UlpEa3_e9dYTdMsdmA,Erin M.,5,basta-pasta-new-york
TMezHzlbWSp75BdTnU7RnA,Alex T.,5,basta-pasta-new-york
rvHR7L1RjDHdC6OGdGIJ-w,Elizabeth M.,1,basta-pasta-new-york
F87oVQ0j-P2KR4kZwMaICw,Alex F.,1,basta-pasta-new-york
dIAkWV0WhRIUyznZXSot1g,Sally C.,5,basta-pasta-new-york
nBUnQnecIYYWuxk0g5njhw,Leah E.,5,rayuela-new-york
GFfOOZPQiT0PCHmTqzJkaQ,Julian P.,5,rayuela-new-york
fkwe4UPhjbF4yNVk-rtQkg,Vicky C.,2,rayuela-new-york
LpZJBc-Hpd4g0TopgCMSTA,Robert F.,4,rayuela-new-york
oh6erZEO5ok0QwRy5cKKkQ,Lynn M.,5,rayuela-new-york
rYzSpWm4pMoxdVbPDvQggA,Stephen L.,3,rayuela-new-york
M1oeSJdlXb3z3T36aaQ3WQ,Rich T.,4,rayuela-new-york
Irmk76b80fFDBI2XpKLHDA,Shruti K.,3,rayuela-new-york
Rw8VcGgVxJavNc1LePlDgQ,Katie W.,4,rayuela-new-york
pDUQ11ABqwF5WHxZvvVCQw,Teresita S.,4,rayuela-new-york
3F_qSpruK6pl0WLw0_Lptg,Jordan S.,3,rayuela-new-york
peCr2Lhf8D9DjEtaipIBkg,Jana H.,4,rayuela-new-york
6WSKtJBe-jCTrZQ0b4uweQ,Michelle W.,4,rayuela-new-york
pwz7k3LKKnv9v2yOXyBj-g,Abiola A.,3,rayuela-new-york
iyuo4SJ_wMZ7rcbJzexCVQ,Clint H.,4,rayuela-new-york
2rr9fI2b_uRsYKmMMS16pQ,Paisley C.,4,rayuela-new-york
MR6PPhIjHFEvwhULhiM6HQ,Brandon S.,4,rayuela-new-york
-msm1sbfse45dfneundxia,Laura H.,2,rayuela-new-york
xaVgvJd5qpKA1NDPrlkDzw,Jane R.,4,rayuela-new-york
-3FYJuyJSunl2l3aNvULLQ,Da Hee H.,5,rayuela-new-york
TvRbvyKSeEbzaoJWWWjovA,Nancy Y.,4,rayuela-new-york
DHmiawfZZthhO6eLpEcALg,M M.,4,rayuela-new-york
Yjer78RnYr7OCzirgdcOaw,Louis R.,5,rayuela-new-york
WV20fa5lsH-ajxri_lxoBA,Rebecca M.,4,rayuela-new-york
4psAy02FPT4paspCp1kL4g,Ashley B.,2,rayuela-new-york
CRid07oraIu7Ewd7SA12-Q,Amy K.,5,rayuela-new-york
FMEM6QazGhjPxXjOQv471w,Mishkin L.,4,rayuela-new-york
jwYx5Nc6WwLer2blyxZtrg,E S.,5,rayuela-new-york
MKzalJHY26jMkNb5nLk1dg,Rex C.,2,rayuela-new-york
keGAI75yOL1BDUODjgw8uw,Elisa L.,3,rayuela-new-york
3pTkcBjNAiPFLIbyprPKgQ,Diana S.,4,rayuela-new-york
j-vdi5r6O3voWtRdju9s5w,Shing Yiing O.,5,rayuela-new-york
yIVGuewF1TkzxdlSGeccAw,Ji-ste R.,4,rayuela-new-york
kbnZNI_ozzZKL_kuWXQWfQ,Jo Beth S.,4,rayuela-new-york
RWfhiaz6B6zzhaQcPOzRtg,Caroline K.,2,rayuela-new-york
qDHcD8EWyLWZOcMNz95_nw,Peter R.,4,rayuela-new-york
pZR8Laws3PosRRt5920cdQ,Cassandra B.,4,rayuela-new-york
yf-Y3R1oDcBOD0SR6fbwow,Lola L.,5,rayuela-new-york
KWOnrbWK7LIsupZR9ekx5g,maisondesreveries g.,4,rayuela-new-york
-3Do7YYytVHPdvqfzyKeyw,Jen W.,4,rayuela-new-york
RhM7uTY_KwlQyq9tzP7GFA,Sean M.,5,del-posto-new-york
Y5ip6Oy1rf7MhiZy6U5d4A,Samuel S.,5,del-posto-new-york
z72G0C2kq0vP1vVX_EU2UQ,Jeff M.,5,del-posto-new-york
337Tpo3b-9XLYPuGi5Q2Gg,Ernesta M.,4,del-posto-new-york
yirqNrAJ0lovXWw4wPTudw,Kimberly D.,5,del-posto-new-york
Ba-HWPwRy0xFa0DMwUZyYw,Jonathan C.,5,del-posto-new-york
mZv5rlPN1psDRchowteq0A,Diana M.,5,del-posto-new-york
MzUpi59ZFNNEHWrWp7lxqw,Jackie C.,5,del-posto-new-york
sSq-ru-xMd8XxoN8rI1aFw,Eric Z.,1,del-posto-new-york
sisgRdPt85mCgANdToyMkQ,Stella D.,5,del-posto-new-york
Qp8y7clVQEw7MruG2uDOQQ,Ike S.,4,del-posto-new-york
Xxm-jQgMHFpmJKA11_xBsw,Suzanne S.,4,del-posto-new-york
pGsGlhLYObmvUGrjlyqVow,Kim N.,4,del-posto-new-york
YGHp8XlRkzbXQyGLh7U0Eg,Adam C.,5,del-posto-new-york
j0GLVVDQM6H9GSrfae80Rg,Bruce S.,2,del-posto-new-york
qdsaIZr7tEcxzSt6wl_2BQ,Derrick C.,5,del-posto-new-york
O-SVJ0wsBxwyL9rcSeAnPQ,Pasha G.,3,del-posto-new-york
HLXz1R03XX0_GRAeR2mAeA,Renee W.,5,del-posto-new-york
LOo6wOnQT2SpekMKda29FA,Michael Y.,5,del-posto-new-york
syddaKE3VZpeSdYCu9DRPg,Matt B.,5,del-posto-new-york
Bli7WC918E-v8pGebf4EBQ,Patty L.,5,del-posto-new-york
gkE2A4jThz0lzzx5IIjFiA,Sung K.,2,del-posto-new-york
a7y3gCq9Vwv89NRtUTtyJw,Cindy Q.,5,del-posto-new-york
LYwiaLv2SbVzeUCH0RdajA,Brittany H.,4,del-posto-new-york
Rvn-Ymc8_9z4vbcm2ZwenQ,Ryna D.,5,del-posto-new-york
dupO0RrlQY0g3kjmdcz-Ew,Lawrence C.,5,del-posto-new-york
C4r2ru7XBOKKudMG6GVC9w,Beth M.,5,del-posto-new-york
NZpqKVlQFdxqgX9B7txr1A,Frida C.,4,del-posto-new-york
KOOGff0oe7k1J7pZZGAvWA,Siemny C.,5,del-posto-new-york
L_ejwSxRHHI3qo8WI_FZBw,Dolly v.,5,del-posto-new-york
RCZ5M9o2-fxgFuurpmEs3w,Craig D.,5,del-posto-new-york
ss01GLzT2y6IjT1FhZfC2Q,Gareth L.,4,del-posto-new-york
a4zLPoSGr4Jw1EtZUbQQHA,Albert L.,5,del-posto-new-york
IwHLuykqqmGVNHJ_UCwXWg,Marqus R.,5,del-posto-new-york
Tp3XMX4c7xSbbBBNZj3GVA,Avion T.,3,del-posto-new-york
54XszIo5eFcVfhnk_BIr4A,Keith O.,5,del-posto-new-york
JuqVWzM94xuQZ23sAi49Uw,Michael M.,3,del-posto-new-york
WWnhqRnWWjutMqh-2SzEuQ,Steph C.,5,del-posto-new-york
rHpIrllKViAWWcGNioN6OA,Tarresha P.,4,del-posto-new-york
p_8G3mrojESNVJ4E-zvGKQ,Pia M.,5,del-posto-new-york
2PjSttJjhmhFBaHOoiXHpw,Suresh D.,4,kittichai-new-york
VgYyVkNQNSu2CzyyBGgtTQ,Jessica Y.,1,kittichai-new-york
gT-JNF5Dxp7Sl8xj-pxIxg,David B.,5,kittichai-new-york
D2WBLgdkgS69phazNyk8fA,Cynthia M.,4,kittichai-new-york
GA5zW-ZSIZfKsjE207Oi3A,Willz L.,4,kittichai-new-york
nDAc-wLmG8sRAYfDvlPR3w,Krystal K.,2,kittichai-new-york
04ywlzsUfHr23SEpp_1YWA,Kat A.,4,kittichai-new-york
Lf9dEeuSAYIqLsz04xPEPw,Yi H.,3,kittichai-new-york
VClMTiHXXYlLNjalD3N4XQ,Melissa P.,4,kittichai-new-york
_nK1MTgDaRS7Eb6MVglX3w,Brittany B.,4,kittichai-new-york
aR3jJMtw7yxXa4acnEtgQA,Denise O.,4,kittichai-new-york
OaX5FgIT9b8ubWZFHatyHw,Christine C.,4,kittichai-new-york
CBcSBECs-2uQrG_xvq_laA,Monica D.,5,kittichai-new-york
C6jBhUxuQ6WjT7bZnQAk3g,Sharmila R.,4,kittichai-new-york
uRabuaoosPlI9oZgZI9sEQ,Ana B.,4,kittichai-new-york
FArIEoSKbCcVqWc2eWNFXA,Caroline B.,3,kittichai-new-york
GF_Ceb_kQZdomX4EywHpQQ,Stacey S.,2,kittichai-new-york
Sf3pqlosueTs293s2W_E0g,Daneliz R.,5,kittichai-new-york
JrEMaEcqkYBadXmW3wqMMA,Anastasia K.,4,kittichai-new-york
vyYz8r0UUD3lyRWTYyYK2Q,Jen I.,3,kittichai-new-york
5CX8ilaGZ7kyv2rUxSdQCw,Mariana L.,4,kittichai-new-york
0CAGYjTxx0MzQPd6SViAYA,Tamara P.,3,kittichai-new-york
hvRH1dacxBRTezxvwo4_-A,Rocky S.,2,kittichai-new-york
i-rLS0U2rBOsOgOKuYnw6Q,Jackie F.,4,kittichai-new-york
oSq0NKO2x_DEllpua-xgrQ,Roy P.,3,kittichai-new-york
rYHtNuYdKWunHUZaEpzj-g,Martin L.,4,kittichai-new-york
3sP5BTTV7AkQLDes-zYZdQ,Stuti D.,4,kittichai-new-york
EPSzhOEb3ZfZ_XkgSD4j1g,Nyota W.,4,kittichai-new-york
y4u8RxadcF9vWrHCKE66aQ,David T.,3,kittichai-new-york
wQFUb7Pl4JtuS1T-ZfDqCQ,Catherine Y.,3,kittichai-new-york
r-Ck0JPoMfHI7h2X0brm2w,Rashid M.,4,kittichai-new-york
H9-OHELrU-lceIPW7FvAuQ,Kasey C.,5,kittichai-new-york
F4XM7b2m9-85pF61X5gZSw,Guillermo O.,3,kittichai-new-york
CoS9VbTzh74Hh7FSlAKKVA,Elsa M.,5,kittichai-new-york
9zLZPqb7B1a8dcnE9miIzA,Adam G.,4,kittichai-new-york
kidd-1llKDFBoMmOUowSnA,Jenna K.,4,kittichai-new-york
hTUcGmcC1jQglMKmd8L2lA,Daniel L.,3,kittichai-new-york
xSzZnCnI4eD8mJvKvPfdBA,Cara S.,2,kittichai-new-york
6CaZ4swmn0acryhP8m4WOw,Steffie K.,5,kittichai-new-york
uzTbh4nduxErOcG3jmzgyw,Lala S.,3,kittichai-new-york
PDGlxjLV6dcHf27S4KcELA,Lisa G.,5,maialino-new-york
xmSfcGW8W4N-m3YvxinHag,Meghan A.,4,maialino-new-york
O0WCKKjfZRSkBEuYqyvDww,Shireen L.,4,maialino-new-york
nISPEXGuVsUQ-POEcOOXcg,Jennifer S.,4,maialino-new-york
Pf7lmGST22FHadO4wADG2Q,Ha- R.,4,maialino-new-york
Kw4bl3XhuoAOXj6lpUO-Pw,James M.,4,maialino-new-york
OFCE_Qlr-Ircf-6hss39BA,Whalers C.,5,maialino-new-york
lNF3k6CQI-PggXs2w4CsTg,S M.,3,maialino-new-york
-ggx1vn5aa4-lt0kn7qnkq,Alex P.,5,maialino-new-york
MideYfk5ahG2hZwfGJ-Dug,Quan H.,5,maialino-new-york
L5Pp5hfBGJLhUCXjpGf4zg,Emily L.,3,maialino-new-york
SxqYFeG134uQbLch1rzrow,Eric T.,4,maialino-new-york
GpCOKjbJNA43vs_yapce4g,Ashley S.,5,maialino-new-york
T3Qpy5ixVcPSKW4SArYtRg,Lucy C.,4,maialino-new-york
hhpY75EgMWIsTp3GvVNZ3Q,Claudio C.,3,maialino-new-york
0KzdUqaLSC_1AdJlK0-RsQ,R G.,3,maialino-new-york
uMbumHpc61dSdnSGJCXq6w,Jennifer C.,4,maialino-new-york
d4u8qcUX_tSchYWNv3HeXA,Frank F.,4,maialino-new-york
5MnPKI1XNBtSOG3jdNfQmg,Chris V.,2,maialino-new-york
1Fzmft6AFQ2QSr1LMdAqtA,Yudi R.,5,maialino-new-york
eaI3rZRChOCRqe5PwxmSFw,Patrick B.,5,maialino-new-york
aIzN19RssPWSw9nDCPXU3A,Jonathan E.,4,maialino-new-york
XFR4tfX0LFE079es_FlQzA,Lu H.,3,maialino-new-york
tdlK-uLBseuJoMWVn8E7Yw,Trixie Y.,3,maialino-new-york
HzoQKKHDq9BI37dyJAAtGA,Jim P.,5,maialino-new-york
HqMWEEsYIXoFhdDIX1NtrA,Stephanie C.,4,maialino-new-york
lja0SmiEkujcaqXSu3vP9w,Fiona L.,3,maialino-new-york
gP03G2LoWovxFs1CUFPAfw,Megan T.,5,maialino-new-york
N1ZCuhN0EFevaIfn6uRTNQ,Alexandra C.,1,maialino-new-york
zUKeZNu4tCG56xjwWH54Vw,Bill S.,4,maialino-new-york
FY_aQjtlw7qdNnJ6_u44EA,Yns S.,5,maialino-new-york
1SeR43Rk8HqqEAXnqan9Ig,M H.,3,maialino-new-york
1tGf90A6LE1zUia3cUh_9g,Ronaldo G.,4,maialino-new-york
X2fXuusi2N7gbzIMoHFFIw,Danny W.,4,maialino-new-york
lX7jZyrGp3lBYc3cpiz2dg,Josh H.,4,maialino-new-york
xqs2dAP6Q9NoAnghMhARUQ,Cecilia Z.,4,maialino-new-york
i-rLS0U2rBOsOgOKuYnw6Q,Jackie F.,4,maialino-new-york
3SBz-sGpkvlWbLQ_jaDWAA,Angel N.,5,maialino-new-york
eIa4QJXp5ZNmuFORnuPvDA,Ziyan C.,4,maialino-new-york
FrxM1sftA7Ab_rpNQKW48g,Pax S.,5,maialino-new-york
Fi33QnyVClPmg7GoOsR0tw,Ken C.,5,hop-kee-new-york
r9ecgI5mnHgPo4W0fPRqPA,Wendy G.,4,hop-kee-new-york
AP34as9PxTHfS6jEOuSoRQ,Almar G.,1,hop-kee-new-york
ax930WxoPC116fIEXTT4zQ,Kristina P.,5,hop-kee-new-york
-bihvoat459znuv-zqb6xa,Queen L.,5,hop-kee-new-york
ZveM5bM4vgn89vPu638-5w,sarah m.,4,hop-kee-new-york
_9w_8JCIWqZWZjoC2SXYNg,Elizabeth N.,1,hop-kee-new-york
qHgwbkHQGYHYhyQwh1Ex3g,Lara G.,4,hop-kee-new-york
82moqvbyKILnryzN3GwyGQ,Jesus N.,4,hop-kee-new-york
xJpvRrk04rb4rgWtMXaPUQ,Kenny C.,5,hop-kee-new-york
qCjsy3rvQ4PJ9V6waAVKwg,FREDDIE M.,3,hop-kee-new-york
_fqINvA1SYEbqC_RR-egLQ,Vishal S.,5,hop-kee-new-york
VqmLxWjFOsyUvXrF4nFolQ,Leo F.,3,hop-kee-new-york
wahL6pbR54mI9ufh5FbJSg,Niki C.,4,hop-kee-new-york
_UaSdcubXHJGXiKyzT0lLQ,Michael G.,4,hop-kee-new-york
UqP_EOPKa-MQfydgWXsxvw,Peter K.,4,hop-kee-new-york
Srf4CxNztI1cdervvmsy_Q,John L.,5,hop-kee-new-york
43QXqwA8KBIb_m7IBtoEgQ,Allen Y.,4,hop-kee-new-york
H3O_Dh6WuEZygTH372Tcyg,Troy L.,5,hop-kee-new-york
C56J64-NpiFDJ1MjdcyYhA,David H.,4,hop-kee-new-york
YDhyhGUv7NoQsQgR5IdJ1w,Sarah L.,4,hop-kee-new-york
oAZ58dieduNllyInUqtDRw,David R.,1,hop-kee-new-york
dhCF_6qgsc-KBoEwgkhxcQ,Joe S.,5,hop-kee-new-york
NEdT8rWa1XumqMpvfqYIlw,Allan W.,1,hop-kee-new-york
EFXzd5wb3Q7BQ8AdWO80KQ,Michael L.,3,hop-kee-new-york
1DDDJAA6CJd2EsaV0B7GXA,Brian N.,3,hop-kee-new-york
gZKrQxAG2cpsXpwOMLvcow,Jenn S.,5,hop-kee-new-york
zCJE9hvoV0jkoyj_7OTGag,Sen-Pei H.,2,hop-kee-new-york
3LDHxerWB7cJSv1c94q1MA,Sam H.,4,hop-kee-new-york
OEWyy5D2UwB1Jlc_VWnvKg,Christianne D.,5,hop-kee-new-york
oMf8iKtTw-ZevfeoySSg1g,Jackie G.,5,hop-kee-new-york
ml8VRTkq0CtEWKkDvOsEXQ,Bakchun K.,4,hop-kee-new-york
aVaa64zb_-d6VTY3XcXyIQ,Jane A.,4,hop-kee-new-york
cslP1CmBJRx8SBJWN1vW1w,David H.,2,hop-kee-new-york
8mtW2_xKCckFnfOmux5RhA,Vlad N.,4,hop-kee-new-york
HUXgan4Zm5W_xyy27RiCEA,Kris B.,4,hop-kee-new-york
4XGuAw8xhV87YN3PJWoT5Q,Alan A.,5,hop-kee-new-york
kKTcYPz47sCDH1_ylnE4ZQ,Pegah Y.,3,hop-kee-new-york
Lzlh4qKvLRsZKURg6TbhDg,Zoe H.,5,hop-kee-new-york
MViTS9S-1MUUNRyTYCCx_g,Nicolle R.,4,hop-kee-new-york
O0WCKKjfZRSkBEuYqyvDww,Shireen L.,4,riverpark-new-york
ZuomDWbD_BxOkZ3nduEhxA,Katie C.,4,riverpark-new-york
kMgat-reidrt68e2cR7TuQ,Rob A.,4,riverpark-new-york
Ib5ii_nJO6pj0yyhR_St9g,Magnum P.,3,riverpark-new-york
oAL29pd4t6mTCFAMtSji5A,Jeff T.,3,riverpark-new-york
BLJV3zzdAmGhEVBkflhzOw,Teresa L.,4,riverpark-new-york
nBO9xTnduWmptAxaL3iyFw,Karen S.,5,riverpark-new-york
TUZcYXFvdQHlsrVxzPYi1w,Yuying L.,4,riverpark-new-york
LmyFJjlNfmUwKXR2-fU9ng,Joe L.,4,riverpark-new-york
kjPzDFE6E5kp1dIJbNzrEA,Grace H.,4,riverpark-new-york
YPuefjfa8t8rI0Cu2D3zJQ,Nina C.,4,riverpark-new-york
kPCGRmvI8H8EoaexOMJ6Og,Catherine C.,4,riverpark-new-york
6A5oDz1G1VTv3xZNTpsR_w,Jeremy R.,4,riverpark-new-york
VDGLcYtZR98KyxffCAuLTw,Sudie G.,5,riverpark-new-york
EUyKk8kEs9-aJuc8nmm9MQ,Monica T.,4,riverpark-new-york
lja0SmiEkujcaqXSu3vP9w,Fiona L.,3,riverpark-new-york
k49XnUNhwa_jRdhaG4uE6Q,Thompson L.,3,riverpark-new-york
CMyd_8yc1-redwZDO_QHmA,Sharon L.,4,riverpark-new-york
gLIm7MuMCYHxUUt7mtjTlg,Randall S.,5,riverpark-new-york
fsitd2sz6d1zXl9c2c2nFA,Cos L.,5,riverpark-new-york
qtTd_VDFXoeNkJKrtQ4R2g,Evan H.,2,riverpark-new-york
29ixbdmc-qIXsDpBaQCSug,Tina Y.,4,riverpark-new-york
t_prCflpb3ihKzX5SjzfaQ,Rachael G.,5,riverpark-new-york
BZZKX1-LuWoruSstXPzanQ,Jaimee A.,3,riverpark-new-york
jOLSOHAMD93ajtrllm7ttg,Marissa C.,5,riverpark-new-york
HELNqb7XSSXy8PJyoKfZQQ,Beeni M.,3,riverpark-new-york
fW8SmHasQqdfCgMrCV-MNw,Lori L.,4,riverpark-new-york
sisgRdPt85mCgANdToyMkQ,Stella D.,4,riverpark-new-york
gZTVrc7QAxONeVbhQ1ocJw,Joe S.,3,riverpark-new-york
WQnfyig39Xg5ni98ci-VBw,Laura O.,4,riverpark-new-york
q01khtt3I3bWBvHGxwA6vA,Tim W.,4,riverpark-new-york
s6CB8sohXlCL6XZDgAy3SA,Cassandra B.,1,riverpark-new-york
72eloUHu0fS27PGbWGrEjg,Mari O.,4,riverpark-new-york
wzd5jDaQ2RG_oe8ds_zVRg,Abbe K.,5,riverpark-new-york
XRS04hLWH2m8_1amIgd3SA,Kriti S.,4,riverpark-new-york
mJ2dlKqcCMT-SXKlOoEU2w,Georganne S.,5,riverpark-new-york
5BpJEC8YVi80ecWT5CtlfQ,Jenny S.,5,riverpark-new-york
Hei3PauWsDY6RQn-nRdeqw,Sofia F.,4,riverpark-new-york
OGjmMxPuIoLTJ3O-CO2A4g,Michelle H.,4,riverpark-new-york
IVWyAFp-9xQ39Y3zO7nehg,Namrata A.,4,riverpark-new-york
dlxtvcs_R0TdEW4dwzr4WA,Lena V.,5,adour-alain-ducasse-new-york
xHKfQyxJKBTRyjQjquMpAg,Kelsey T.,5,adour-alain-ducasse-new-york
GRmeks6BimimVIEOhzx6rg,Melissa H.,5,adour-alain-ducasse-new-york
1RfeZvHe4dRzkatuqD3OQw,G C.,5,adour-alain-ducasse-new-york
DLKc2mMYyNtHbsYM6EvvFw,David C.,4,adour-alain-ducasse-new-york
9OoU9AMHXIu2BB2J_4cqcw,Brittanie M.,3,adour-alain-ducasse-new-york
418rK1b_PkXJTWhSRKxjew,Kelley L.,4,adour-alain-ducasse-new-york
IKNfSjsPaxEroFEUeUAoMQ,Eric W.,2,adour-alain-ducasse-new-york
QkWqeUNK1xdl4ytNzox_qQ,Chasitiy P.,2,adour-alain-ducasse-new-york
Gad62ubJeDhY5g8-MbYHQA,Randy S.,4,adour-alain-ducasse-new-york
N_6H7vYq2eoZDOh13-m-MQ,Raffi M.,4,adour-alain-ducasse-new-york
jJgXntGRXVKzA_qnL6pidw,mike d.,2,adour-alain-ducasse-new-york
f7e96Iodfmapqm3C_lrDcw,Tara W.,3,adour-alain-ducasse-new-york
yk5b-3XsIlFGhNpIdpIhbw,Jeff M.,5,adour-alain-ducasse-new-york
E0naXHkpRiKdUlbloCfKtw,Susanna C.,4,adour-alain-ducasse-new-york
AidlKNsFcsTucVCWBebXmA,Jay I.,5,adour-alain-ducasse-new-york
d6b5ZXQKR4BxKN6KY2c_7A,Sai S.,4,adour-alain-ducasse-new-york
cD_hpkvErXCyQHBQzv8KYQ,Atif I.,3,adour-alain-ducasse-new-york
lW35rwNviCgvTXJO8gvs-A,Madhuri I.,4,adour-alain-ducasse-new-york
r34WTuxQ8H5I-eWR6bl3Tw,Natasha L.,4,adour-alain-ducasse-new-york
0V4Ra6jCmSAgFtCiORr4QA,Megan C.,5,adour-alain-ducasse-new-york
xTGpw0x5EUj11YFhwr6m2A,Jim U.,4,adour-alain-ducasse-new-york
iDYw0nEWSE0GAXd3K9YBzA,Pam S.,4,adour-alain-ducasse-new-york
N5dh-NhIIkkNEPHjeULPiw,Ray Y.,5,adour-alain-ducasse-new-york
1Edd8rwruLx-_m6LVRc0Yg,Oanh N.,5,adour-alain-ducasse-new-york
UHm2auqzAq18Du8Dz2EjMg,Max M.,5,adour-alain-ducasse-new-york
dTUShR6wGDzGyNYBH2GS-Q,Richard A.,5,adour-alain-ducasse-new-york
oH9K7eCuNsYr6MmlM2ZjUg,Buo Z.,4,adour-alain-ducasse-new-york
faK-VaDldjRT0IR0xgHM1g,Al J.,5,adour-alain-ducasse-new-york
flulR0EJKs9sfX13M8_HQQ,Rich W.,4,adour-alain-ducasse-new-york
waoviYiOGoc-NFULRfrgIg,Meredith M.,5,adour-alain-ducasse-new-york
q01khtt3I3bWBvHGxwA6vA,Tim W.,4,adour-alain-ducasse-new-york
UDkX3Vmm8wYcFDDxc9uWwg,diana c.,5,adour-alain-ducasse-new-york
XI6H8T2gF5Ujvf3K4rUWvg,Gracie-C Y.,4,adour-alain-ducasse-new-york
PfKMNu52Jo_png4NJEcW5A,Megan M.,5,adour-alain-ducasse-new-york
9KPEd4l0S-dlWiXWtthtrA,David M.,5,adour-alain-ducasse-new-york
uFA06MpqwO8LnuvLidaYKg,Michael L.,5,adour-alain-ducasse-new-york
vtPlEX3-xWqYyo3xaIrnMQ,Mirai S.,3,adour-alain-ducasse-new-york
Z9lGVOdivMvGIK_9IGNfOw,Sarah Y.,3,adour-alain-ducasse-new-york
7GT19rrk5pA_5KIvbzTiag,Annie H.,5,adour-alain-ducasse-new-york
H4M_Jx4XYo5A58rFyCllsw,Bryan A.,4,trattoria-trecolori-new-york
XDJIShfchuNYFpdn4TBWjQ,Coy B.,3,trattoria-trecolori-new-york
Kw7V-NECpuy8ypUTIzOrfQ,Stephanie B.,4,trattoria-trecolori-new-york
f9JpE5nU9fvOY_RFXpTwmg,Meg K.,4,trattoria-trecolori-new-york
Xo69o1SNQIEWQK5KZUT2iA,Greg S.,4,trattoria-trecolori-new-york
Cp3i9koV3ryHFQ8CM764zw,R M.,5,trattoria-trecolori-new-york
ot9gLVvy9Fh3an4lGj7qRw,Joyce G.,5,trattoria-trecolori-new-york
2yzOEu1DknVD1SGedrPYRA,Raymond T.,4,trattoria-trecolori-new-york
fgwI3rYHOv1ipfVfCSx7pg,Emi H.,4,trattoria-trecolori-new-york
zHRiwvh0TMiLtmFuoNk6bQ,Christine K.,4,trattoria-trecolori-new-york
QWxW_pApmpY9iPApC8P-UQ,Kelvin C.,3,trattoria-trecolori-new-york
72ztGpsDczwyolqrHclDXA,Lyn S.,4,trattoria-trecolori-new-york
_URhPmrCs-oFE75RHHrSnw,Christopher M.,4,trattoria-trecolori-new-york
VrSxXIZlGYuZw2mowW0QUA,Dina S.,5,trattoria-trecolori-new-york
hwSSM8Jn29dXRW4ym-roDQ,Mel T.,2,trattoria-trecolori-new-york
Ok4JzVqlcGmQ0ZzoIld8aA,Yvonne K.,5,trattoria-trecolori-new-york
Zn8tgekH0oCfyk4SUtygoA,Dave W.,4,trattoria-trecolori-new-york
fhGrJv6kJOakL7BaiRteUA,Tiffany L.,4,trattoria-trecolori-new-york
xCihogy4SRqjuprXDEViVQ,David B.,1,trattoria-trecolori-new-york
Vic1IYtclqgPIBXX7x21Sg,Tricia S.,4,trattoria-trecolori-new-york
9z87JubGpLEvl5nYRyXB2Q,Greg F.,4,trattoria-trecolori-new-york
ZiHpgVBF0ajPzrU0zZBxzw,Ashish S.,3,trattoria-trecolori-new-york
uBxV2dq8NNVcHrD-Mhs0CA,Karen N.,4,trattoria-trecolori-new-york
iZCDWEt_YcYKGP8OeACkkA,Lukas P.,4,trattoria-trecolori-new-york
uBGBtkZAerC-VcURTXmVWQ,Elizabeth J.,5,trattoria-trecolori-new-york
EURpkg0kQ52uFDz2uXme-g,Linda W.,4,trattoria-trecolori-new-york
IRvdERIP6WvFcKruVgAAFA,Brenda M.,4,trattoria-trecolori-new-york
swJFcGnQpH3NUiZJOF7-Lw,Nancy L.,5,trattoria-trecolori-new-york
muY3Q4XuVTHi-UF95TZufQ,Josh S.,4,trattoria-trecolori-new-york
5obWLXc4mKAOhkAKKcfSIw,Stanley W.,4,trattoria-trecolori-new-york
c17WY-G6El8B9KG3Ksea6A,Michelle B.,4,trattoria-trecolori-new-york
3MTgvhiFB3Q6JCB5JB-2tQ,Joy P.,5,trattoria-trecolori-new-york
aMFMFCYYGtPDhQv_VW-Suw,Aswini S.,2,trattoria-trecolori-new-york
3uE3mu8ARgcEfQOIugkI8A,Liz R.,5,trattoria-trecolori-new-york
7bWwJXKdJo8PVqHu9vyWhw,Matteo M.,4,trattoria-trecolori-new-york
gkbxuHRwK81esxg1f2XO4Q,Stacey B.,4,trattoria-trecolori-new-york
oDa9wgyowQiKkgTG9cPNJw,Pamela S.,4,trattoria-trecolori-new-york
iRQYgzFN0Pobw2cocNSpLg,Frank C.,4,trattoria-trecolori-new-york
MR5vjy8gFhD91S1ZU69kvA,Todd S.,5,trattoria-trecolori-new-york
Nc3yodPW5KdIGXRbnMnmow,Kevin P.,5,trattoria-trecolori-new-york
WQxG2VgXNem33cwPEnsX9A,Seema G.,5,lavagna-restaurant-new-york
pnxx5NZgrDo78-M_1xDOCw,Amanda M.,4,lavagna-restaurant-new-york
TrDPq6VOTtjY4lpdyw4IRA,Sandy L.,3,lavagna-restaurant-new-york
CbLcuisDDPVVcv8hkI8qbQ,Simon R.,5,lavagna-restaurant-new-york
mRXOLbmdc8076fAT9ez0sg,David G.,5,lavagna-restaurant-new-york
XIs56v6q0ZAkbySupQIxrQ,Jamal S.,2,lavagna-restaurant-new-york
kOuBXObd3Mak0WPu1I5K3Q,Kristine V.,4,lavagna-restaurant-new-york
CDzm1QT3h9L01mr_eSnCjw,Rebecca R.,4,lavagna-restaurant-new-york
o4P1m9f02hIkggx30RS84A,Luke D.,4,lavagna-restaurant-new-york
_73PpASqaUqdnY_z7-FQfA,Ray C.,4,lavagna-restaurant-new-york
tKe7-wvTaQNL7WvcJow-RQ,Kevin P.,5,lavagna-restaurant-new-york
B5kVfohfvHLHvWBcD8Hrdg,Donald S.,5,lavagna-restaurant-new-york
JQuAiR8gzSdBBvkl9gQ2qA,Michael M.,5,lavagna-restaurant-new-york
CtGk4SeO5y9tLFSDVU-_9Q,LeAnn L.,4,lavagna-restaurant-new-york
WuMsu4OFm-NAYVHwB1UJcw,Michelle K.,3,lavagna-restaurant-new-york
HRYhncbWiGmzzCLKUygVVw,Jeanette L.,4,lavagna-restaurant-new-york
ypw8eyCcx9hM_aEdTcAF9A,Rebecca H.,5,lavagna-restaurant-new-york
mWbuLfmWPjR40p0sB8DP_Q,Lauren R.,3,lavagna-restaurant-new-york
QrKr8jUx9172U4QW4PzCQg,Elizabeth W.,5,lavagna-restaurant-new-york
hhOi02O0hGBEcx5BU4LHAA,Meri S.,4,lavagna-restaurant-new-york
UX3Ud_MOZ8PeQF5vXDJ9ng,Stefan A.,4,lavagna-restaurant-new-york
A27j4zafcnLu3y1NpgzAcg,Charlis F.,5,lavagna-restaurant-new-york
aIA3Xo5YH4cg7MlHMhgxAg,Adam R.,4,lavagna-restaurant-new-york
C1ssM-ZNjUwugRHIPXwYrQ,Christina H.,3,lavagna-restaurant-new-york
fcWM-oqjgS94yi1INhZa0g,Quasona C.,4,lavagna-restaurant-new-york
_JbZy7gXpJHH92CUJFkRyg,Albert S.,3,lavagna-restaurant-new-york
vQjpwJs7CtoX4RF86TWAFw,Sean K.,5,lavagna-restaurant-new-york
yXRF3qj8ymnggqKiu3zSbA,Mary S.,1,lavagna-restaurant-new-york
YK4EivRNkXZH8vXbI8lKDA,Chris C.,5,lavagna-restaurant-new-york
4ODGelbojq8EDK27RhTjMg,Jason D.,5,lavagna-restaurant-new-york
zbtw7TGNu4Oyhq0s67KTdA,Sid M.,4,lavagna-restaurant-new-york
y52KhfFDFThNe2olZ976zg,Jane K.,4,lavagna-restaurant-new-york
v5xqmtmMEUnZaBQ3p-zQQQ,Diane L.,5,lavagna-restaurant-new-york
L0zuRFAEmP1i1E290O7Mig,Lisa R.,4,lavagna-restaurant-new-york
H98PhdzsBo1uVkjur3jReg,Jacqueline Y.,4,lavagna-restaurant-new-york
MRwKVnjUiAmWjwsL0qwDvg,William H.,5,lavagna-restaurant-new-york
E6uTS2rw2nVEEik98ubc_Q,Saara H.,4,lavagna-restaurant-new-york
jgLVGFOi1bfN0vDiJQauvw,Barry W.,3,lavagna-restaurant-new-york
XRS04hLWH2m8_1amIgd3SA,Kriti S.,4,lavagna-restaurant-new-york
W3gh6Yohg0Lep_KLd1a6SQ,Lan H.,4,lavagna-restaurant-new-york
_MY_bUaJuScQElbuSCYffQ,Kala P.,5,hatsuhana-sushi-restaurant-new-york
szUqQBw8Xl5RExjRqTQsoQ,Michelle T.,4,hatsuhana-sushi-restaurant-new-york
IJteUJ9XrDAr3w4PRWNzFw,Scarlet W.,1,hatsuhana-sushi-restaurant-new-york
d4u8qcUX_tSchYWNv3HeXA,Frank F.,4,hatsuhana-sushi-restaurant-new-york
kp1SDNjwwBPFmdF1kadRmw,Sherry L.,3,hatsuhana-sushi-restaurant-new-york
WZwIVAb5rG-mG7H9B4bPJg,Mario P.,5,hatsuhana-sushi-restaurant-new-york
v25CF3ZUxQk0YpnV5RV7nw,Mimi P.,5,hatsuhana-sushi-restaurant-new-york
FTGYmjFux8H2cfjuV-FYjQ,Kurt B.,5,hatsuhana-sushi-restaurant-new-york
QUN3pEFkcXcCQD8yHIWTBQ,Frank S.,5,hatsuhana-sushi-restaurant-new-york
LW0paaiWockKkg2t_VdoIg,Caleb L.,5,hatsuhana-sushi-restaurant-new-york
W-5w4mi8n46dxNaC-3-pLQ,Hans H.,5,hatsuhana-sushi-restaurant-new-york
fCEeoJBVvMW0d9Hm_ZnIZg,tiffanie n.,4,hatsuhana-sushi-restaurant-new-york
CDzve2CfJ0Lmxaa08mbTNg,Leomar G.,4,hatsuhana-sushi-restaurant-new-york
tSpB_rKQSguN7HNlkyYmfg,James W.,5,hatsuhana-sushi-restaurant-new-york
Bf9FfpHg-zHgzWV5MPdq2g,Dave C.,4,hatsuhana-sushi-restaurant-new-york
0uXf8smbb3k7R2ATvz-cTg,Pink L.,4,hatsuhana-sushi-restaurant-new-york
Ax2W2agdZHKeHjfrlVa58A,Kudo Z.,3,hatsuhana-sushi-restaurant-new-york
dMbMRfmX5AApq-9ZvWjdrA,Suanne L.,4,hatsuhana-sushi-restaurant-new-york
4sAhsvqIlZIlmcR_UtdwYw,Daisy C.,4,hatsuhana-sushi-restaurant-new-york
fO3z7_Wx1OCUQ8efHEMvDA,Tzi Chion P.,5,hatsuhana-sushi-restaurant-new-york
aKp6oiGita-Bc0cFRcFG5A,Raj P.,4,hatsuhana-sushi-restaurant-new-york
iCRlOuXZu0SSHxw2nUOArQ,Matt M.,4,hatsuhana-sushi-restaurant-new-york
37cpUoM8hlkSQfReIEBd-Q,Mike C.,4,hatsuhana-sushi-restaurant-new-york
NB-S4taNAs3ZM4hKeWT4nw,Kimmi D.,4,hatsuhana-sushi-restaurant-new-york
ffmlokY1nGC50I6EeHHjgQ,Heather C.,5,hatsuhana-sushi-restaurant-new-york
iCpFAHTHWuV7LCBYFtWSig,Soyon L.,4,hatsuhana-sushi-restaurant-new-york
BtMqdryTNvAmW8GyawSSQQ,Norman B.,4,hatsuhana-sushi-restaurant-new-york
mYixD_8UezoPy-eF74UMZQ,Jean S.,5,hatsuhana-sushi-restaurant-new-york
8D80y-fn0kBD8GLNfyEbFQ,Jalence I.,2,hatsuhana-sushi-restaurant-new-york
7LieeOZwXvVX0TncHlYm2Q,Patricia C.,5,hatsuhana-sushi-restaurant-new-york
9ZvScLtxqxGmIpgP-AeMNA,Miranda L.,4,hatsuhana-sushi-restaurant-new-york
DzclmbuW4_ogw3VujAgLPw,Rebecca D.,5,hatsuhana-sushi-restaurant-new-york
0jo4Zp0vNaBDlP1F9z9DZQ,Derek C.,3,hatsuhana-sushi-restaurant-new-york
RhM7uTY_KwlQyq9tzP7GFA,Sean M.,3,hatsuhana-sushi-restaurant-new-york
G_WepRqjbm-LPwbHSXZR9g,Sabin C.,5,hatsuhana-sushi-restaurant-new-york
fPiFXF-7omeURbpZAY8ZWw,Pamela T.,4,hatsuhana-sushi-restaurant-new-york
Z9IJrujqKvheWnfUyQZHpQ,Sharon Z.,4,hatsuhana-sushi-restaurant-new-york
6xCiXjBF1Ibgd1WUVL0fbw,Eugene Y.,5,hatsuhana-sushi-restaurant-new-york
8ZNEb85mm7tSJ71fNKFxAA,Mickey K.,5,hatsuhana-sushi-restaurant-new-york
Cg2Ha1Ev6bngzBDyRyvScQ,Catherine L.,1,hatsuhana-sushi-restaurant-new-york
mMG5P2y3Kh93MkcSVezjog,Kenneth R.,4,pongsri-thai-restaurant-new-york-4
VyEvfrehO8bRjnclIzt0Og,Jenny M.,3,pongsri-thai-restaurant-new-york-4
2gb1U4vkd2qTHL9YTvxLzg,Grace E.,1,pongsri-thai-restaurant-new-york-4
AWCY8laHjH0-3HMT0LGpUA,Jin Y.,3,pongsri-thai-restaurant-new-york-4
G45p3odftGYzPRkFfCWhVQ,Joan R.,4,pongsri-thai-restaurant-new-york-4
bEC8C904SPszVpMPEUKFNA,Sean R.,4,pongsri-thai-restaurant-new-york-4
Uhiyws-cvy6t744dm3_Iyw,Elise H.,3,pongsri-thai-restaurant-new-york-4
kKTcYPz47sCDH1_ylnE4ZQ,Pegah Y.,4,pongsri-thai-restaurant-new-york-4
0AWTyDi5MiE34v05VRysxw,Katherine M.,3,pongsri-thai-restaurant-new-york-4
veJ7qhetyFm4ggo-i6fzDA,David H.,1,pongsri-thai-restaurant-new-york-4
61fUFEpyik4QHLawtOLh0w,Vincent L.,2,pongsri-thai-restaurant-new-york-4
LgiumEmkiJk5YngMLSZ5vQ,David C.,4,pongsri-thai-restaurant-new-york-4
_73PpASqaUqdnY_z7-FQfA,Ray C.,4,pongsri-thai-restaurant-new-york-4
fr4hVKMNKRQiTJiUxGr2yw,Rose W.,4,pongsri-thai-restaurant-new-york-4
73VaZiq5Sezi-Ibnl7wnSw,Stuart T.,1,pongsri-thai-restaurant-new-york-4
z2uZDPdXJvkfhmua2ovwgQ,Yuan A.,4,pongsri-thai-restaurant-new-york-4
3na1OAZAe44z06SVPY_gPA,John K.,4,pongsri-thai-restaurant-new-york-4
8aUR3qwAlwzpjV6BV-9fpg,Helen C.,4,pongsri-thai-restaurant-new-york-4
S-jOQDvdLs3WVqHPQbzYYw,Chi T.,3,pongsri-thai-restaurant-new-york-4
Hikh5Rn60wHBzaNS7nRvjA,Eric M.,4,pongsri-thai-restaurant-new-york-4
dWqLCGxMqfSoGheVuQK9FQ,Emily Y.,4,pongsri-thai-restaurant-new-york-4
P24CYwYT9VTRjp8wZg9WiQ,Kara C.,3,pongsri-thai-restaurant-new-york-4
_h35w9MoK2Vxwhu9NG10yA,Juan M.,3,pongsri-thai-restaurant-new-york-4
6sJoC2bNIxdGRr0ZvpWkxQ,Roger S.,4,pongsri-thai-restaurant-new-york-4
k40qy2mzg60AhOBm04iP3g,Frances S.,4,pongsri-thai-restaurant-new-york-4
Z_WAxc4RUpKp3y12BH1bEg,jun k.,3,pongsri-thai-restaurant-new-york-4
rYfzGCfEk_MS_Bwe-HD5Yw,Kenneth B.,3,pongsri-thai-restaurant-new-york-4
xvvtpwlt6uD9MA15xjRa1A,V B.,2,pongsri-thai-restaurant-new-york-4
SoWkRrpcFPlHOAeVrBWWfw,Angel H.,4,pongsri-thai-restaurant-new-york-4
Nop0_NPITxK6Qeh5-JiVIw,Steven L.,3,pongsri-thai-restaurant-new-york-4
8jnlSCKWzUMM-8v4rG1hQQ,Au N.,5,pongsri-thai-restaurant-new-york-4
lQc2bgU9-fEQLcUNNkiQqQ,a d.,5,pongsri-thai-restaurant-new-york-4
ZqllUkX7TsZFQJpQTF_Sqw,Melissa T.,4,pongsri-thai-restaurant-new-york-4
CH9XhZWmcLYVAlzhwrhMvw,Jessica D.,5,pongsri-thai-restaurant-new-york-4
jIVO9nKNEtpw0kNY5ErkNg,Andrew D.,3,pongsri-thai-restaurant-new-york-4
69ssWbD0aL9S6ZF6dkElCQ,Judy R.,2,pongsri-thai-restaurant-new-york-4
q4G58jas3a8OOlnp-aw2kQ,Peter C.,3,pongsri-thai-restaurant-new-york-4
r6WUdUw6MYnF37ytf1lumQ,Ron C.,4,pongsri-thai-restaurant-new-york-4
_IddbHzoUlqpsjLZh2swww,Chris L.,2,pongsri-thai-restaurant-new-york-4
Rfr1B8IxUZAdqm23sWW5DA,Maria i.,5,pongsri-thai-restaurant-new-york-4
i6gEPthwIKwfvoBgeJ4_4g,Jeff D.,5,saul-restaurant-brooklyn
dn9c2eHjvbVeEZuYYwvRiQ,Wolfgang W.,3,saul-restaurant-brooklyn
__Rv8XGOqYr0XB6e-1qIxA,Alice X.,3,saul-restaurant-brooklyn
oT_CZns6N21KSBqHRFxvmA,Andrea F.,4,saul-restaurant-brooklyn
N_6H7vYq2eoZDOh13-m-MQ,Raffi M.,3,saul-restaurant-brooklyn
WVs-wxYTUvxWiqQB0_d_aQ,Darya C.,5,saul-restaurant-brooklyn
V4uH52BfO596yG7OAn5w-A,Albert W.,5,saul-restaurant-brooklyn
5AS-IDMl9i8Wz6Hnj4Iqdw,Chris H.,4,saul-restaurant-brooklyn
S8nXDr23ek8YF-wcaUeZVw,Andrew M.,3,saul-restaurant-brooklyn
YHSFk1XWjrgogsUV8DFs3Q,Stanley K.,5,saul-restaurant-brooklyn
0vdp4xz7CqsyHTm8XTyqXw,Lindsay M.,4,saul-restaurant-brooklyn
du3UilbUDTfKs0x8qU5ZeQ,Chris D.,1,saul-restaurant-brooklyn
n9-Y5ny_28mHHkOOQm83vQ,Ana T.,5,saul-restaurant-brooklyn
ymVwF7WAH2hpdzEZYWJcmg,M. R.,4,saul-restaurant-brooklyn
drnvvDl7xWDAnR_JgQGVkw,D A.,5,saul-restaurant-brooklyn
mWuSZDPVpQ03pzJBT36R0Q,Elaine M.,4,saul-restaurant-brooklyn
C07fuTl3zGkqL_OYYtijtw,Laura K.,5,saul-restaurant-brooklyn
yKFeQD-gcsPKj1BIs813oQ,caitlin o.,3,saul-restaurant-brooklyn
EcpBXlMc_E6NKQe3mNj7eA,M H.,4,saul-restaurant-brooklyn
oxz2P3Glnaeivp8XAsHxzg,Amarides M.,5,saul-restaurant-brooklyn
yAY8g5VifRAgJIANGSDBLA,Mark F.,4,saul-restaurant-brooklyn
OcLUVr3m3YmIWR60Yg6vRA,Eric B.,5,saul-restaurant-brooklyn
8RcOuoC2eoI92LIbOkeAoQ,Samantha S.,4,saul-restaurant-brooklyn
TFv5yONJ36qMEXC9_UTSNg,C B.,5,saul-restaurant-brooklyn
iFUYIIfEGMSt3F8JC-NUbw,Thomas D.,4,saul-restaurant-brooklyn
rqUpCM02YFsJf9uMDmkYMQ,Lydia C.,3,saul-restaurant-brooklyn
XC9Psc_CEXsp1ac3hGtA9g,Pavel U.,5,saul-restaurant-brooklyn
os1zJLZPhJ7FJccucVsWGA,Melody G.,3,saul-restaurant-brooklyn
2SDcC8oWUhPpncp94DwK8Q,Tatiana K.,4,saul-restaurant-brooklyn
tKNtvTtyMvXB3IqfOg9dBw,Tim C.,5,saul-restaurant-brooklyn
Z67X9Lc_SZ5tzxqjm-acww,Madison C.,4,saul-restaurant-brooklyn
fQnTgft0GvDckycdcv-IkA,Eugene L.,5,saul-restaurant-brooklyn
X90Njwb5UaeOWh6d4j8lcg,Peter L.,5,saul-restaurant-brooklyn
r1_Da9FRDmSgsJ6MYI_ONw,Pec S.,3,saul-restaurant-brooklyn
wEPjK-7znkexWx27BI9gyw,Susan J.,5,saul-restaurant-brooklyn
ITa3vh5ERI90G_WP4SmGUQ,Peter D.,4,saul-restaurant-brooklyn
L9qMRYzspbpdZozgn7GI3g,Diana L.,5,saul-restaurant-brooklyn
s-4kQPVA8Il1Kcjz2GnLfQ,Jimmy V.,3,saul-restaurant-brooklyn
xTGpw0x5EUj11YFhwr6m2A,Jim U.,4,saul-restaurant-brooklyn
hmCnBX4wkhw79lc8_YL5dg,CiCi L.,5,saul-restaurant-brooklyn
GVTEBAma2KWscENGP54_HQ,Tripti S.,5,hangawi-new-york
xnbXMpufk60x2DXji3GK2A,Brian T.,3,hangawi-new-york
tBB6kLk5ZS03PlizPxLpoA,Angela K.,4,hangawi-new-york
Pf7lmGST22FHadO4wADG2Q,Ha- R.,4,hangawi-new-york
xEc6S6ZTbFeNekKgWTZP9A,Preethi C.,4,hangawi-new-york
x2oJ8s6SrBU1s9vlQPcgbA,Jason Y.,5,hangawi-new-york
43QXqwA8KBIb_m7IBtoEgQ,Allen Y.,4,hangawi-new-york
fhGrJv6kJOakL7BaiRteUA,Tiffany L.,3,hangawi-new-york
oQ38S-qaD_OAHMKHzySDyA,Katie M.,5,hangawi-new-york
kW2dk1CWihmh3g7k9N2G8A,Shradha A.,3,hangawi-new-york
jOHSfGfcG1VT1DgaufWCRQ,Ying C.,5,hangawi-new-york
oH9K7eCuNsYr6MmlM2ZjUg,Buo Z.,4,hangawi-new-york
XRS04hLWH2m8_1amIgd3SA,Kriti S.,3,hangawi-new-york
CMwZKSVHrqCxNPiSuvz91g,Ben H.,4,hangawi-new-york
_6qzYTyQ3lV9DJqoep7_og,Agustin K.,3,hangawi-new-york
XYT9GvizeoY-8tpAbrKUBw,Bex H.,5,hangawi-new-york
vhJpwbqlOuOdkdlUTHUaVg,Micael C.,5,hangawi-new-york
ckBoIWMiNh4Nj04P3Gtfdg,A R.,4,hangawi-new-york
aJrEFgQ77FbVtJHtKSViQg,Evelyn S.,4,hangawi-new-york
edT1vNakHG43LwpdyMI6ow,Rahul Z.,1,hangawi-new-york
rbufOtPxXfzPZwqxC4W3Cw,Jo K.,4,hangawi-new-york
lW35rwNviCgvTXJO8gvs-A,Madhuri I.,3,hangawi-new-york
rx5gDOtPgiJ_t1Ws55l7mg,Nea P.,5,hangawi-new-york
E_wQMjwZZSjYLmOAfD4Qug,Rahul S.,5,hangawi-new-york
54NgZwbYefbvIPtSPcJumw,Ariana B.,4,hangawi-new-york
unRrk4Xs6BBwxtyAP4p6gQ,Lee H.,4,hangawi-new-york
avQj5fVfA1FD0575MMKjnw,Bhumika K.,5,hangawi-new-york
ow6wOP888_nHHGPjys22mA,Brian Jin M.,3,hangawi-new-york
POwF9wTx5zxvPkte43IAhw,Kelley K.,4,hangawi-new-york
Jt1hazREGuSseSUWPEVf-A,Nathan P.,4,hangawi-new-york
6O1Dj2lDNdmzxwKIbWGK3Q,Stella T.,5,hangawi-new-york
OLfw94Ce5ZVp6z21D9vI4Q,Sui S.,2,hangawi-new-york
RZ4aZVjs-zkj60w8ofQYtw,Steve B.,3,hangawi-new-york
px06I-_NWHLNDJFNW1Ckew,Dee M.,4,hangawi-new-york
sVNypx2CWpFuQnZE6_c2sQ,Yokes F.,4,hangawi-new-york
zGc9xlE1FHoe6QvHrxFFTQ,Mitch S.,5,hangawi-new-york
sZo-AQkZgrcBjYKFlfB5nQ,Swatee G.,4,hangawi-new-york
dX7yHmq7a3YsYYzkwBinwQ,Sophie B.,4,hangawi-new-york
dlSaAO17A2dsu0qdhJLFcg,Anna C.,3,hangawi-new-york
pR4aCoE5lplAParShrBMiw,Joanie K.,3,hangawi-new-york
UBbTYgQm_RWz8l0kgs_5tA,SM T.,5,marea-new-york
veg-Qwhl0zDl0dxx6uvkpQ,Justine L.,4,marea-new-york
X_BWIUJCgyiRm8aKkDlt-A,MinJee C.,4,marea-new-york
WzpS9g-sbaXfEqoaYLgPfw,Helen D.,4,marea-new-york
6C6VcPoq1DoTpaFxNEfiyg,Ting Hin C.,4,marea-new-york
TZv8RUeOshMGOGDiRjKYbQ,phu l.,4,marea-new-york
w4MlcTNAqVLePZFb3DuiEg,Wesley H.,5,marea-new-york
sgO-W7YX6ZHeNHQFOl3nGA,Jason N.,4,marea-new-york
zFo--zdHXg6KJ1RYd8r1BA,Emil C.,5,marea-new-york
4EvMmwNoIcVCQapOGtOupg,Sam L.,3,marea-new-york
dr_mce0J8Q-BLLOA23KuAQ,Tiffany D.,3,marea-new-york
z72G0C2kq0vP1vVX_EU2UQ,Jeff M.,5,marea-new-york
13Dl2kZVkuEAPmnYVvtHoQ,Luca P.,4,marea-new-york
OmBCReJ_w9PkhqMPNIMT9g,Lauren K.,5,marea-new-york
rTgLAWTQSgiH1Euz7Gwafg,Chester N.,5,marea-new-york
pWmuXLrxwJF7ol9qWijt0A,Ray C.,2,marea-new-york
ThTUiH1fiRTXDqwH_NZHfg,Albert H.,3,marea-new-york
K8K4XJpM5c5h9d7BQHYRcg,Hamid S.,4,marea-new-york
x7u1pveICoOMn6osdojIOw,Alex S.,3,marea-new-york
bcD4JPkUoFyHVbEstzSt2A,Kels P.,4,marea-new-york
nE3KdKDCFMYMiRHkr_l-hg,Paul L.,5,marea-new-york
K01ALYnIV2iF59ExQOrrOw,Andrew L.,5,marea-new-york
MhulcOVGHzK0SOHG13ln8Q,John R.,3,marea-new-york
PtuFC2ySbaUjzsmFj0ThNQ,Sandra S.,5,marea-new-york
qHr0UnFEPW8q_dP48WTM1g,Louis B.,5,marea-new-york
kiIo5s4mpnNml9U5meMFkQ,Kathy L.,5,marea-new-york
1yNDR5wOEiqWNDgLqi2HDw,Caroline G.,4,marea-new-york
dV2DW4jW6Rm9fm-g06lhlQ,Armina A.,5,marea-new-york
YyvuDylPxzchQv8WJTWHKA,Matthew B.,5,marea-new-york
OQjwZuE5xNJvbNoVl3zcgg,Andrew F.,3,marea-new-york
EJwIKeKyEJKTjjXVR37lzw,Ariel G.,5,marea-new-york
yNSvCs15r0MDkvFa75SqnA,James D.,4,marea-new-york
W2H7Hg5U9nTpNlAqJzg9pQ,Tammy T.,4,marea-new-york
Kwz6LPHSIlHxN1SaNjiEIw,Emma M.,5,marea-new-york
jmFA9cOEjURO3rnseA7W9Q,Dana F.,3,marea-new-york
4aKBSZVBUSq1nfTrOHlAvQ,Tina Y.,3,marea-new-york
iVJvSdMYfX6r1w-jXidCBg,Hersykiss S.,5,marea-new-york
-xr__zqgwqhsfx0thcn-ag,Brenda P.,5,marea-new-york
rbufOtPxXfzPZwqxC4W3Cw,Jo K.,4,marea-new-york
ptAVptn3aj78PRm-4tCqYQ,Jessica T.,5,marea-new-york
jqp5BEMzEUIWTCt6pezS2Q,Elle P.,4,aquavit-new-york
GY8VEuzudzikNjD-sAWHTw,Stefania A.,5,aquavit-new-york
EteGefsj2fdR5mJxi0dxbA,Linda F.,5,aquavit-new-york
Pf7lmGST22FHadO4wADG2Q,Ha- R.,4,aquavit-new-york
zUKeZNu4tCG56xjwWH54Vw,Bill S.,4,aquavit-new-york
r9ecgI5mnHgPo4W0fPRqPA,Wendy G.,4,aquavit-new-york
Zmfk7Im3rO-oNvBXpkfRVg,Min K.,2,aquavit-new-york
_UW9Wr5630JiSCnmV2vgbg,Kate V.,5,aquavit-new-york
_73PpASqaUqdnY_z7-FQfA,Ray C.,4,aquavit-new-york
lja0SmiEkujcaqXSu3vP9w,Fiona L.,5,aquavit-new-york
yuFMnykB7EvPsobAI5TF9g,Jenn T.,3,aquavit-new-york
TcMgLChkfdvO_3k1Fjrwww,Erin D.,5,aquavit-new-york
xVxuRgf4KmXO2LhFRnRVwg,Alda C.,4,aquavit-new-york
nT-sNbcZDDo_9cWBPQSMQA,Lawrence C.,5,aquavit-new-york
xDfF-KGAL50b9_HP6ADG3A,Rurina k.,4,aquavit-new-york
oN00HQ3uw5vaNua6SNwF5g,Meredith M.,3,aquavit-new-york
gZKrQxAG2cpsXpwOMLvcow,Jenn S.,5,aquavit-new-york
8_p1XyiwCjve5Jq-nFrmGA,Erick B.,4,aquavit-new-york
wjClsIuhEjZN2OlkoFPKnQ,Krista J.,4,aquavit-new-york
YY4BPxcNsMBa6x0baiyvPw,Jade B.,5,aquavit-new-york
ClPbYb-FSAlSKJ6eR1RgYw,KL Z.,1,aquavit-new-york
73fZ6W35yH8kUM1faHQjUA,GarGuPi L.,3,aquavit-new-york
RiUFZc3zAHJeWfYdJhUBAg,Marina B.,4,aquavit-new-york
8QAHOwtLZnZJFEA8nad7uw,Lynn S.,5,aquavit-new-york
JQm9SAaCWyp1GHdbbVxPeQ,David B.,2,aquavit-new-york
3yivaHgZGp9-2IG00MRDbQ,Bryan C.,5,aquavit-new-york
WNar5geXh9MN9uhxLSG3Cw,Mary Cecilia M.,2,aquavit-new-york
S1Dj-76mtw4_zfbTXIS_qw,Luarnie B.,4,aquavit-new-york
D-_5rw7GQuYhp-i5K11RxQ,Sean W.,4,aquavit-new-york
cJNZ1J3cYmskD3x-tLyQlQ,Jessica W.,3,aquavit-new-york
Ip8cZkKHdgmbX0-DgHvD_g,Jen K.,4,aquavit-new-york
jcklUTIbnWv8XRbKPEwK1Q,Jaime W.,5,aquavit-new-york
fCiMsi_6Rzf0bsILvLxzOw,Ray S.,4,aquavit-new-york
taJ0LYP1Ttizr1-Dzpx0Wg,Jo L.,5,aquavit-new-york
ZFZB-acrqGQol0PXCgd3pg,Valerie G.,3,aquavit-new-york
KUXfzl-Sc1wn2nkX-Slyww,J K.,4,aquavit-new-york
U2vONOWqB_DNr83sdLKoxg,Bill q.,5,aquavit-new-york
5zedlY3ie4YFTD5uGZXPsg,Vanessa S.,4,aquavit-new-york
-khjmcrhuiuv9orecwvecq,Joo R.,4,aquavit-new-york
y1z5iTgEmTq86zso9s-ZDw,Javier G.,1,aquavit-new-york
BdRMVROS1MXOHxr-bdZv0g,Alice Z.,5,rouge-tomate-new-york
ftbbcJM_jt8etpUIL42isQ,Tash R.,5,rouge-tomate-new-york
O0WCKKjfZRSkBEuYqyvDww,Shireen L.,5,rouge-tomate-new-york
NHzc9vblp6KooJiWGpEHsw,Koen B.,4,rouge-tomate-new-york
D2WBLgdkgS69phazNyk8fA,Cynthia M.,4,rouge-tomate-new-york
xHKfQyxJKBTRyjQjquMpAg,Kelsey T.,5,rouge-tomate-new-york
fxULb40B5IP6S4NZWAlWsA,Julie M.,4,rouge-tomate-new-york
mLYbQVtP9PnoFZJSb-Sy9A,Seiko F.,5,rouge-tomate-new-york
kW2dk1CWihmh3g7k9N2G8A,Shradha A.,3,rouge-tomate-new-york
K8K4XJpM5c5h9d7BQHYRcg,Hamid S.,4,rouge-tomate-new-york
oQ38S-qaD_OAHMKHzySDyA,Katie M.,4,rouge-tomate-new-york
bQlvgGnjXmijI39_0SYZ3A,Mehr G.,5,rouge-tomate-new-york
jXpaU6pD5jyfMaEF5QDt2Q,Wendee M.,5,rouge-tomate-new-york
CzqvazmMTMxJNjhv9VRLRQ,Brian C.,4,rouge-tomate-new-york
1ET1Z5O2I4vEf-_PIwVm1A,Carolyn C.,3,rouge-tomate-new-york
wmF934u4GpUw5sCUlM6kwg,Katy M.,2,rouge-tomate-new-york
CdYGQBHxzvPW9GQjOUG_4w,nancy n.,5,rouge-tomate-new-york
K8pGJcFM-5ES-2rSM6bSTQ,Stel K.,5,rouge-tomate-new-york
1XpQvt_ZZiW58nvscPyuQw,Henry P.,5,rouge-tomate-new-york
XKpc3IbA1szEzJUZB4WC9A,Richard W.,4,rouge-tomate-new-york
4dlY01wMmtWtGk3-FSxZkA,Steph D.,4,rouge-tomate-new-york
Xw84GZfEGqXaadjEIg_Ffg,Jessica S.,4,rouge-tomate-new-york
7GT19rrk5pA_5KIvbzTiag,Annie H.,5,rouge-tomate-new-york
jyH_vSuq9Tm1leTikuqqhQ,Lei S.,4,rouge-tomate-new-york
IlXKZEow7HHVmHcdP-1QTQ,Mandy L.,4,rouge-tomate-new-york
g82R2_L85cOxE3ADIUdRpA,Diana K.,4,rouge-tomate-new-york
Esta9189ChmSINihijgOIg,Shani M.,2,rouge-tomate-new-york
fG9ACC-u5MufRHtt_nqmLw,Siya L.,5,rouge-tomate-new-york
6O1Dj2lDNdmzxwKIbWGK3Q,Stella T.,5,rouge-tomate-new-york
8QAHOwtLZnZJFEA8nad7uw,Lynn S.,3,rouge-tomate-new-york
mFwajiyV-Y4_B0E_3x0x3g,Gabriella K.,5,rouge-tomate-new-york
8oUVbHJO_El4WTz-_vLaIQ,Nicolas R.,3,rouge-tomate-new-york
ccOX8Ss0tWJsWLbUgs-pfw,Erica R.,4,rouge-tomate-new-york
ONO3Prlq46Mh7GCnjT1pbQ,Trevor P.,5,rouge-tomate-new-york
bgx6DAO2YhSzeZKuz72_cw,Taylor B.,3,rouge-tomate-new-york
om5ZiponkpRqUNa3pVPiRg,Andrea R.,4,rouge-tomate-new-york
V7qFq18cw2W1caXKrnljYg,Leslie T.,5,rouge-tomate-new-york
8jLBEMQLllmXzGGZGA02Pg,J L.,4,rouge-tomate-new-york
GF_Ceb_kQZdomX4EywHpQQ,Stacey S.,5,rouge-tomate-new-york
aPTwqLnmlJuRXIh2t-2uRA,Craig B.,5,rouge-tomate-new-york
WfIQv2kEVFX5fzZzOHs7aQ,Nicole P.,5,apiary-new-york
wdFShfynhF61RxJGWozPnQ,James C.,4,apiary-new-york
iL6zTnqpPX5lgyLnW_qAEg,Lissa V.,4,apiary-new-york
914uoe0OqtfzH42da32zyg,Anthony S.,4,apiary-new-york
rYHtNuYdKWunHUZaEpzj-g,Martin L.,3,apiary-new-york
kElbtKHHsZNvrfWc64lX9w,Virginia L.,5,apiary-new-york
PJrntlejdErSQVOeS7Hivg,Lisa T.,4,apiary-new-york
mLJaxn6XmW6nWOku0VRf4Q,Nerissa I.,4,apiary-new-york
dUJxyev_cDf4-_h0wgf29Q,Annie L.,5,apiary-new-york
5SsMK2zAXg1XDzfNAMReGw,Marc S.,4,apiary-new-york
OAUsrbGBlL1VXOyASARhuQ,Ryan D.,5,apiary-new-york
0-9YVzOkL51P7rtlaLBp9g,Trisha W.,4,apiary-new-york
ZD84600Tw1WqeKpVuNiKzg,Vivian H.,3,apiary-new-york
c9LssAbQdnf-fHacQSM4rA,Melissa C.,4,apiary-new-york
fW8SmHasQqdfCgMrCV-MNw,Lori L.,2,apiary-new-york
dpjEXCXc7W41wK2YB3aDYg,Alwayne R.,4,apiary-new-york
lja0SmiEkujcaqXSu3vP9w,Fiona L.,4,apiary-new-york
JIZLOS5tsdblSR8hxCB6ZA,Gillian K.,4,apiary-new-york
eJYsNaCsQRiPTEZfLpMHFQ,Matthew C.,4,apiary-new-york
vSlglq7pw245qrsGBXgZmA,Tom G.,3,apiary-new-york
DXu6WQejR10s8QpuwGhb8A,Linda Z.,5,apiary-new-york
062bRFkEJXoH7Z3c65rAIQ,Christine Y.,4,apiary-new-york
yf96s32zLKPwOx6_aUX5CQ,Christy L.,5,apiary-new-york
Ghuw7QpKKobwYoa89kzSJw,Asher A.,4,apiary-new-york
JGbS_01bj4IQJ5mTehVqtw,Paulina C.,4,apiary-new-york
NoOaVw8YAe4SlgWGLWMY8Q,Yan T.,4,apiary-new-york
HvoZIcLfoH5Fh2gxdv2oUA,Citta K.,5,apiary-new-york
S4cSJrRnc39QE8S-g4ajQw,O I.,5,apiary-new-york
Cv8-GEr_sXnYncprAgikaQ,Benjamin F.,4,apiary-new-york
LpoHPFrUeXqr7Qgp4hiuUg,Amir S.,4,apiary-new-york
T0xO3PdinwyHZZ61UbziHw,Frano O.,3,apiary-new-york
qe6Yzh5IXAaiKRjDVUyPog,Erica B.,4,apiary-new-york
CmHAcRQ3EQ68uEboJWVGPw,Erica S.,5,apiary-new-york
Ax2W2agdZHKeHjfrlVa58A,Kudo Z.,4,apiary-new-york
uuubbOfyRKVFjbJ0e3Sotw,Elaine C.,4,apiary-new-york
v5xqmtmMEUnZaBQ3p-zQQQ,Diane L.,4,apiary-new-york
MmNeaGjGmTDElBzpyh_v8g,Leslie B.,3,apiary-new-york
h_yDKWk3mMu4YtWxiLjGTQ,Sascha M.,4,apiary-new-york
6WSKtJBe-jCTrZQ0b4uweQ,Michelle W.,5,apiary-new-york
kJChSB_oPF1qVBuBga7KOg,Ulla L.,2,apiary-new-york
ZepIZmfNFvscKvissbBVNA,Michelle L.,5,aburiya-kinnosuke-new-york
arg4r9U3ckEIfhX3-W8pvw,James L.,5,aburiya-kinnosuke-new-york
09PIsVx9DaKf0slHgfxyOg,Jimmy C.,5,aburiya-kinnosuke-new-york
a7Gve8KjkWC_1vPIEtOAKw,Mark H.,4,aburiya-kinnosuke-new-york
EN7NxHdHwbK5UWQZVAVjDw,Kristie K.,5,aburiya-kinnosuke-new-york
r5nlC6HEHxATSvxOZFayMQ,Eva W.,3,aburiya-kinnosuke-new-york
MuKK7Kiv_zUZ0EdHjH9ypQ,Rita L.,3,aburiya-kinnosuke-new-york
CxDOIDnH8gp9KXzpBHJYXw,Jennifer K.,4,aburiya-kinnosuke-new-york
6EWTW6G0kewndOIgwcR5dQ,A W.,4,aburiya-kinnosuke-new-york
DIsgQ5GTklhvTM96L-IrUQ,Junah C.,2,aburiya-kinnosuke-new-york
Mzir28QBa_JLy6hr7VgmLQ,Yon L.,5,aburiya-kinnosuke-new-york
Juc1y-mDXaXTvIZAICzaGg,Jane S.,3,aburiya-kinnosuke-new-york
Kt7Zp1b9i-AE4yOQiktpGQ,Anna Y.,5,aburiya-kinnosuke-new-york
p5Ra3qj2ftYtwT-xnySaiQ,S M.,2,aburiya-kinnosuke-new-york
RYXMrb12VzDY1hhDj_hkHw,Andrew C.,4,aburiya-kinnosuke-new-york
p2TFIENDg_wO-slHTynT8g,Senthil S.,4,aburiya-kinnosuke-new-york
yIVGuewF1TkzxdlSGeccAw,Ji-ste R.,3,aburiya-kinnosuke-new-york
vOG9YFFFn_OMyItk4WEebw,Judy L.,5,aburiya-kinnosuke-new-york
wtHokZjpba-GRgkBNX_KFg,Julie A.,4,aburiya-kinnosuke-new-york
XspBmEHYLed2Vs02WpUW2g,Nomad M.,4,aburiya-kinnosuke-new-york
iHs7_eABHCuLNRnDixUHgQ,Kanako I.,4,aburiya-kinnosuke-new-york
xmSfcGW8W4N-m3YvxinHag,Meghan A.,4,aburiya-kinnosuke-new-york
SmTuVt8VkYMf63AzUJp7EQ,Larry C.,4,aburiya-kinnosuke-new-york
0z2BwViWbwP76w2l9aTiQg,Shoko O.,5,aburiya-kinnosuke-new-york
ehuTCvtP2A1XFGc-V8f3qA,Jodi Y.,5,aburiya-kinnosuke-new-york
HEJl0m1F8QXcebl7xAGvoA,Misa M.,3,aburiya-kinnosuke-new-york
45oM6fhCGILLDm7ScHWx1g,Tastevin T.,3,aburiya-kinnosuke-new-york
bTrmuQ-yhaT5TBQDmj8MxA,John Q.,4,aburiya-kinnosuke-new-york
s2jkj3jh7GM4CkSCsslJ6w,Shira F.,4,aburiya-kinnosuke-new-york
CmHAcRQ3EQ68uEboJWVGPw,Erica S.,4,aburiya-kinnosuke-new-york
dIAkWV0WhRIUyznZXSot1g,Sally C.,3,aburiya-kinnosuke-new-york
znLTHBddnqHCAoZBbV40oQ,Kim B.,5,aburiya-kinnosuke-new-york
v5LvxWrscDM7XKpD6f0WxQ,Wing L.,4,aburiya-kinnosuke-new-york
zbmI4MhjLsFFyI3GuPfb3g,Stephen T.,5,aburiya-kinnosuke-new-york
Rf89UmhVWJ5FdcZaQaHyKA,Kacha C.,4,aburiya-kinnosuke-new-york
PJpXSDyIm9sN7ey5YNGpuw,Jess C.,5,aburiya-kinnosuke-new-york
ZD84600Tw1WqeKpVuNiKzg,Vivian H.,4,aburiya-kinnosuke-new-york
sU50ZBMe4_s64QqoIHlhaw,Eva G.,3,aburiya-kinnosuke-new-york
tQxJzTTgxFlvJmBU4wlwQA,J D.,5,aburiya-kinnosuke-new-york
JsOmY_afZyLbjzOauAfl_Q,Lisa M.,4,aburiya-kinnosuke-new-york
C1ssM-ZNjUwugRHIPXwYrQ,Christina H.,4,bondst-new-york-2
06JAN8X66nsGh1EFyn_ZPA,Rachael F.,4,bondst-new-york-2
NKDW7g7Vw49Ayen3UlHEgQ,Chris T.,4,bondst-new-york-2
-bbVRQBRFy-r3tj9rG7qDQ,Rickey K.,4,bondst-new-york-2
vD3l2PRoJ-zI3OlJo2c1KA,Lu H.,4,bondst-new-york-2
F6kHzDHd7f0Qw9Wde01a4w,Danielle T.,4,bondst-new-york-2
rORPA-C2JxnByRUjCaqmcA,Mel P.,5,bondst-new-york-2
uKq1I87L9hHg1va5AcrH-A,JAMBY ROI M.,5,bondst-new-york-2
r1mZ0hAbBsP1i3hkgyFfgw,Cem Y.,5,bondst-new-york-2
RZ4aZVjs-zkj60w8ofQYtw,Steve B.,5,bondst-new-york-2
Xr4H1ejjN_8WiF5Q1siHiw,Lily R.,4,bondst-new-york-2
Rvn-Ymc8_9z4vbcm2ZwenQ,Ryna D.,3,bondst-new-york-2
xLl36-EbXXK-wem_YI14VQ,Hannan I.,2,bondst-new-york-2
xDfF-KGAL50b9_HP6ADG3A,Rurina k.,4,bondst-new-york-2
fCEeoJBVvMW0d9Hm_ZnIZg,tiffanie n.,3,bondst-new-york-2
LJICF_vF46oLdj2QXBsaeg,Camille M.,5,bondst-new-york-2
HgsWbknDNvoTuyQdZHqncA,Alice C.,3,bondst-new-york-2
deaELkn3M_4pq_OAYvw_Ig,Rosa C.,4,bondst-new-york-2
KPgzdb1_ydnVrdKf8LIoIg,Anne-Paige D.,4,bondst-new-york-2
iCpFAHTHWuV7LCBYFtWSig,Soyon L.,5,bondst-new-york-2
ZD84600Tw1WqeKpVuNiKzg,Vivian H.,5,bondst-new-york-2
xEq0tzraMg4nT_mt98Hhtw,Alexandra G.,5,bondst-new-york-2
HqMWEEsYIXoFhdDIX1NtrA,Stephanie C.,5,bondst-new-york-2
2T5V5a7DGjN5oHwyYKq8Tg,Kellie F.,4,bondst-new-york-2
LHafkDFUwa_yPhZsDSRUrw,Simon P.,4,bondst-new-york-2
uJM_dR32MnrPztZZaC1rSQ,Jeff M.,5,bondst-new-york-2
-ar05qzuzda1edwix1ma9w,Leila Y.,4,bondst-new-york-2
E9zRaR_jeTywildP4XZDHA,Jason C.,4,bondst-new-york-2
bgx6DAO2YhSzeZKuz72_cw,Taylor B.,4,bondst-new-york-2
bZFETqQ0reXJcAf1a8eEog,Marina C.,5,bondst-new-york-2
w-4nQ-PHW_U8CCR0S1jT_w,Priscilla T.,4,bondst-new-york-2
5LOFYtPGtFAq9wEqL5OOuA,Veen D.,4,bondst-new-york-2
EURpkg0kQ52uFDz2uXme-g,Linda W.,4,bondst-new-york-2
lDmxvTFk__NOWLH4JG5LRg,Alexander P.,5,bondst-new-york-2
JBZWlIca1iY8QQ35lSPcBQ,Evangelia K.,4,bondst-new-york-2
r1sLj85JPwZ_KM2eviuLVg,Michael L.,3,bondst-new-york-2
JMlyzAzvB7I8gGwyMkdFow,joseph a.,3,bondst-new-york-2
lBIfa3INjAj_z2_amlnq3w,Diane Z.,5,bondst-new-york-2
F0F2F0IWlVnGG60yQvi_UQ,ojas v.,4,bondst-new-york-2
GRmeks6BimimVIEOhzx6rg,Melissa H.,5,bondst-new-york-2
ka1_re0A9E7EY-B03A16MA,Jenna M.,5,dirt-candy-new-york
bwUb11KNZkFMEW1HhMjSvA,Jenny W.,4,dirt-candy-new-york
ife6MmY7gQhDSGZJXbHL6g,Derkins R.,5,dirt-candy-new-york
iAcGe58hmd-BRvv5BLAPMQ,Victoria L.,1,dirt-candy-new-york
Sxq23xvpMDhyWx1WG7pHkQ,Mai L.,3,dirt-candy-new-york
K_Cv60SQNEbCWrYEfDRngQ,Sam P.,3,dirt-candy-new-york
SRAdV_c3hq3kVQ2dlYAxHw,Tiffani B.,5,dirt-candy-new-york
XDWIe_6JjU2cHLDbIFEjmw,Angela P.,4,dirt-candy-new-york
rZ0e4Cej7WW0Hc3Hcf_Rhw,Alex N.,4,dirt-candy-new-york
5qA1FWmlxWMQx4Expl-TQQ,Kissmahon e.,5,dirt-candy-new-york
oM0WbJVennAlC0Rt-IyCYA,Jack K.,4,dirt-candy-new-york
jG-g8P98R0HKNBz07nlClQ,Bibi J.,5,dirt-candy-new-york
LAX-mM-cOJ2ownL-waC8ww,Sean S.,4,dirt-candy-new-york
0AmHNfDOcljDsftPVMmmmw,Michele L.,5,dirt-candy-new-york
w9t4fJ_6rT2MfoeVBX7uKQ,Julia K.,3,dirt-candy-new-york
Ys7Wrc8-9AqljfkcZXatew,David F.,5,dirt-candy-new-york
yv28TS8fc8ddYVb8ztzPkw,Brittany C.,5,dirt-candy-new-york
qEGUy8v7QI1s83p_zyVHNA,Mike J.,2,dirt-candy-new-york
fhGrJv6kJOakL7BaiRteUA,Tiffany L.,4,dirt-candy-new-york
r4ZXc4HYIiTyTp2E6BV7WA,Melissa T.,5,dirt-candy-new-york
-oan2fmupzbnzc91echvgw,Jess A.,4,dirt-candy-new-york
j0k1p96nkFMcxgy2TW6ffA,Thomas M.,5,dirt-candy-new-york
8pOo4_omSoFCUbmJOPxblw,Kaia Z.,5,dirt-candy-new-york
K1a5LjDANwCOmHkL5iGRFg,Tara K.,3,dirt-candy-new-york
MeaeI6ALyHkysFKpP1vlOA,Tia T.,4,dirt-candy-new-york
sAFpja0WGBhR55GLYA4SPg,Sheena E.,5,dirt-candy-new-york
pj037Y6avCaWbG2e6NEnzQ,Kari E.,5,dirt-candy-new-york
uKPXdvYg5pij-zOnpGfrcw,Akansha S.,2,dirt-candy-new-york
1S-QLWu3H3aCbrWmCTtCbA,Charlie D.,5,dirt-candy-new-york
gMuIQaotLEaJ_RfKX2FWPA,Juelz K.,4,dirt-candy-new-york
ZrbbejDpdq8w7uWWOhRfHw,Kara M.,4,dirt-candy-new-york
n2bUMPbNNUxz0N2WkyiMjg,Evan R.,5,dirt-candy-new-york
ONO3Prlq46Mh7GCnjT1pbQ,Trevor P.,5,dirt-candy-new-york
sBzIbkNO9i7lRNdzB94vFA,Tatiana L.,3,dirt-candy-new-york
k3vDtGiQewCA5qA4DAypIw,May D.,3,dirt-candy-new-york
aiKhLK2fIDc_ZIs1CEtL-A,Tricia R.,4,dirt-candy-new-york
_oPtg_4TMQuB8Hb1ANQxVw,Rose W.,4,dirt-candy-new-york
GuhSD-jy--l7yG2HvFR8TA,Adam C.,5,dirt-candy-new-york
t81oc_C48XOIEQ8f2mUw5w,Miranda K. D.,5,dirt-candy-new-york
tidcqPzhO8mZyNV_cW4y9A,Jeff K.,5,dirt-candy-new-york
uu8bm14q7wO4BTeeoZKgdg,Nikki S.,4,chez-napoleon-new-york
azGt7GiiyEpmKXpVZh8GVg,Frank D.,5,chez-napoleon-new-york
Qpd08KT4tuBPYDDrtYD_8w,Zildheam D.,5,chez-napoleon-new-york
7N9Di36FJVfGDIn8GEhaBQ,Ken L.,4,chez-napoleon-new-york
lTZKx75VP423QI3xdms68w,Marlarissa M.,5,chez-napoleon-new-york
N9tgUEYnMvdZSDDAZ46sJg,Deborah H.,4,chez-napoleon-new-york
wEIjFouBhMqi7WPCKklyRw,Leroy R.,1,chez-napoleon-new-york
n2Vf-a2kQ2Vu10ExW0_0vw,Alana E.,5,chez-napoleon-new-york
iVm5mP00-9eZYqvOBxvBUA,Pamela B.,4,chez-napoleon-new-york
Hf8j3qzNrIqzmubxxDn-Pw,Diana K.,4,chez-napoleon-new-york
KisZIfo92_OB_hMa7TvM5A,Sasha B.,4,chez-napoleon-new-york
Gpy6gb_1rLsIiFmv7D4oYg,Geoffroy D.,2,chez-napoleon-new-york
OUbAG4R--jS-qzusM6pV0Q,Faye F.,3,chez-napoleon-new-york
I1hemjW221gE1RU2Z-XZOA,Jay T.,3,chez-napoleon-new-york
WTva0Z_OIw2_Z0Iakeuasg,Catherine B.,4,chez-napoleon-new-york
Z1Zjxf-TybRZ7P1RTiy0iQ,Carrie W.,5,chez-napoleon-new-york
zkcgPlnlhULMu1MAmv7T9g,The One T.,4,chez-napoleon-new-york
cW1bN8n5xnNTIsDRDjWQiQ,Rachel A.,4,chez-napoleon-new-york
z_cKZRMfmU5KsdZY-qYILQ,Pete H.,5,chez-napoleon-new-york
mJNXGgl81JsM8cOQUz21zQ,Colleen M.,4,chez-napoleon-new-york
OgMgne9LJznZeeUAxucqUw,David C.,5,chez-napoleon-new-york
i8ciK8uTHTMw_UUxStptqQ,Jared L.,3,chez-napoleon-new-york
AK2b-jsWG7UuXqVUJ9tc2A,Maurice H.,4,chez-napoleon-new-york
Stw8jx1d2uTw8uXlPbA0wA,Jimmy T.,4,chez-napoleon-new-york
vr-Rw3nMKIgGrVNT6A7p9g,Jamie S.,4,chez-napoleon-new-york
zJ_3VVP1QEiNsTr-3a0AxA,frani l.,5,chez-napoleon-new-york
-fd_lls_btoiqow06qof6g,Trevor H.,5,chez-napoleon-new-york
FWEdx9f-DRw1FP8U-J99BA,Terri V.,3,chez-napoleon-new-york
aJ4j-PWRUtbpu0uXALersg,Emily L.,4,chez-napoleon-new-york
AiZTEEzkbVufHPmWYXMnLg,Pamela N.,3,chez-napoleon-new-york
CsbMwMPFloQxgj_dr5dChg,Blondie M.,5,chez-napoleon-new-york
RfsX4vMArVQDP7i-w7qUOA,Allen R.,4,chez-napoleon-new-york
E3GNdhs13vLiOhdoSEF0Hw,Sherman E.,3,chez-napoleon-new-york
PJHuUl4o9_c512fxeuMbdw,George B.,5,chez-napoleon-new-york
-g35_dzy8x1700zqevk5yw,Daiichi K.,5,chez-napoleon-new-york
54A8V1UdKGZfLmLAlBJP3w,Jean B.,4,chez-napoleon-new-york
FJHEQLsVfgm8HvJKTm692w,Phil T.,2,chez-napoleon-new-york
fpMOtjpUttjK0I3WRypGEw,wade l.,5,chez-napoleon-new-york
7pv4RLQ_4NYXdDwUqOb6hg,Jennifer P.,3,chez-napoleon-new-york
vwWAKnLt1cVC-FDEJWyTzw,Rosa S.,4,chez-napoleon-new-york
Kw7V-NECpuy8ypUTIzOrfQ,Stephanie B.,4,david-burke-kitchen-new-york
9TT_mBR1xKn5I62vg1yu7w,Athena C.,3,david-burke-kitchen-new-york
XPVQ52pZfr99ZkSz2ghFFA,Donna F.,5,david-burke-kitchen-new-york
exvQ8dpY1Ut1hbqVrhF8-A,Erik S.,3,david-burke-kitchen-new-york
X2QU1SNnpIOwGH0umVyuKg,Camy C.,3,david-burke-kitchen-new-york
0xYHrm3Eq2jt4Yc4wT4TsQ,Irena T.,4,david-burke-kitchen-new-york
u5yILAWLQFYe2eewYxx4VQ,Dione D.,2,david-burke-kitchen-new-york
CMTtxqavRL7eDALZzCC2tQ,Will C.,2,david-burke-kitchen-new-york
3Zl3RokY8eyRJQbbQmuOuA,Grace S.,5,david-burke-kitchen-new-york
q01khtt3I3bWBvHGxwA6vA,Tim W.,3,david-burke-kitchen-new-york
dJ70-H6LT1IKMeiVRYMBLw,Linda G.,1,david-burke-kitchen-new-york
ik0lmzlxhJTUUjGV5haljQ,Michele M.,4,david-burke-kitchen-new-york
9561a10vySwKwXC7eU4QgA,Lily C.,2,david-burke-kitchen-new-york
2rr9fI2b_uRsYKmMMS16pQ,Paisley C.,4,david-burke-kitchen-new-york
mB_U0LmmAbe_1-g6BHfmlA,Marielle M.,4,david-burke-kitchen-new-york
3mkg9OMMji069unlt0IppA,jaime k.,2,david-burke-kitchen-new-york
98urDDox-VTW2lQuCKlIyQ,Danny T.,4,david-burke-kitchen-new-york
Rw8VcGgVxJavNc1LePlDgQ,Katie W.,4,david-burke-kitchen-new-york
PihmYZ9P3AzULc23K_EfTw,Jimmy R.,1,david-burke-kitchen-new-york
NHefjJOnpmozl1QIyNN0Wg,Shirley Y.,5,david-burke-kitchen-new-york
tepreNQn6GdFq1B4-dZNUQ,Colleen C.,4,david-burke-kitchen-new-york
X7PpfiganYEQznE1ecijpw,Christine M.,1,david-burke-kitchen-new-york
laanMgSeM1v2t-Jhniy7Vw,Albert H.,3,david-burke-kitchen-new-york
rfGeOOIHw0wcX3ibAzTqTA,Yosh H.,5,david-burke-kitchen-new-york
ZINyxsYek_RF6jrUmQ_zDw,c h.,5,david-burke-kitchen-new-york
PJrntlejdErSQVOeS7Hivg,Lisa T.,4,david-burke-kitchen-new-york
NEKGNxPq7gwhvxyiOQiV2w,Cindy T.,3,david-burke-kitchen-new-york
CLn96S95pDqWGkgTZS2AnA,Jedd J.,5,david-burke-kitchen-new-york
w3l5rya0nSRX7ePixnnSRA,Daniel L.,1,david-burke-kitchen-new-york
-o57tzzf-qhsaz8ul0hipa,Jackie K.,5,david-burke-kitchen-new-york
QxNfFUfVHovEIHXdj00Xcg,Nicole R.,2,david-burke-kitchen-new-york
O8M-LETl8rMBPwr9E8HxXg,Ken H.,5,david-burke-kitchen-new-york
0lO1XbcIXVfGH7kMzVzScg,Mike C.,5,david-burke-kitchen-new-york
yO1EpNX5U0E5vq_Wa_PtvQ,Lila C.,3,david-burke-kitchen-new-york
N4-rKoCpb8nm4ul1uW08sg,Laura A.,4,david-burke-kitchen-new-york
ggNzW8h-I3FoKSJvjyMZqw,Tina C.,4,david-burke-kitchen-new-york
P1TJRdn7oNlMKQ59Kvf_fw,Jessie M.,5,david-burke-kitchen-new-york
TlPSEbXfKBx7gafAx-XkVA,Meredith X.,1,david-burke-kitchen-new-york
NS9BOnNxBtalTuoysuL0bg,Brian T.,1,david-burke-kitchen-new-york
1S-QLWu3H3aCbrWmCTtCbA,Charlie D.,5,david-burke-kitchen-new-york
f7e96Iodfmapqm3C_lrDcw,Tara W.,4,junoon-new-york
tfgt2h5jezgat0Wcbm8Wjw,Huma F.,5,junoon-new-york
bwUb11KNZkFMEW1HhMjSvA,Jenny W.,4,junoon-new-york
nbCFsVn_505Ncu8IhZoBPA,Ami G.,2,junoon-new-york
n4MFmcVLiK0MFjemprZFHQ,TK T.,5,junoon-new-york
0Y5QPl23GAU2IPk9hB_rzg,Rajiv I.,3,junoon-new-york
yUCzjLBSd8NtYjQQqAhz_A,Rob B.,2,junoon-new-york
V5v4UBEURVvxKXbaatfjyg,Miri Kwon R.,4,junoon-new-york
Ph2oK3nYdUWvTmY1VtsE-Q,Pretty Intelligent,1,junoon-new-york
9RxGVkjN0BlcIjpXFTF2tw,Ken H.,3,junoon-new-york
EvS-_bkojqk6PzCbq3JonA,Jeff Y Laura K.,4,junoon-new-york
aoYI9IK9Z2AqBGWa-ASSaQ,Dudeman S.,2,junoon-new-york
S3v8-YHVLWAK8fSxumk3LQ,Will Y.,4,junoon-new-york
w4MlcTNAqVLePZFb3DuiEg,Wesley H.,3,junoon-new-york
atOfA9sqXSTgZUmb5Y1lqw,Akshata R.,5,junoon-new-york
IFCzyYDS-DZkAMqm03uQqg,Eric W.,5,junoon-new-york
WPl2gULxrrh_GoypMzHF-A,Paul H.,3,junoon-new-york
VQ-8YfJTmfF0R5sH4IPbGQ,Jaya S.,5,junoon-new-york
6ecgLpYZ8o7AtXgPl5je0Q,Kevin M.,3,junoon-new-york
W-5w4mi8n46dxNaC-3-pLQ,Hans H.,3,junoon-new-york
17nie4O8VlC-PFZo_gaRfw,Susan Z.,5,junoon-new-york
wJrkAKAsbSLj-Care_Wtgw,Denise D.,5,junoon-new-york
w2ntisggCzwnu_EuCIZz2g,Asish P.,3,junoon-new-york
jVf9pfBlFGbyw8irXDe9_g,kian d.,2,junoon-new-york
MhulcOVGHzK0SOHG13ln8Q,John R.,5,junoon-new-york
XujnIcqBWsLdjzjQGiTXDw,N. C.,4,junoon-new-york
C2ySmLQ3g4Uubcw8vAsa7Q,Tina W.,4,junoon-new-york
7SmEWHH-f7tYmRAwEBSceA,Valery C.,4,junoon-new-york
RwXpC2ywa4OiifrTZKNGqQ,Jennifer L.,5,junoon-new-york
CKtKGUeMGqEdFcKW4LfIbQ,Kim L.,3,junoon-new-york
q0Zt-a4qakP-mGllyh8ePQ,a r.,4,junoon-new-york
s61erVZuIJVmIsOIjXCZuw,Heather M.,5,junoon-new-york
xRQHQdBDrEDdIH7_5jtpnw,Liviu R.,2,junoon-new-york
4ENBFSuIT-8vfRHZysQHag,Neelam P.,4,junoon-new-york
1gZ-uMwVRCL2Ir-i8DjzfA,Tara H.,4,junoon-new-york
cXorX6_WH3Bjtfrms7ZTpQ,Danny N.,5,junoon-new-york
YPuefjfa8t8rI0Cu2D3zJQ,Nina C.,2,junoon-new-york
VIWPXXv-ACvu7q9HFcvNYg,Niki B.,4,junoon-new-york
wP5PM0pWUthfK_cSlKJIGw,Danielle B.,5,junoon-new-york
QxNfFUfVHovEIHXdj00Xcg,Nicole R.,4,junoon-new-york
Qjrn5UsK2HBZxx40HYA1iQ,Holly C.,5,candle-79-new-york
Ov-eA9U1Yt7Xy7uOYrzVyg,Erica O.,2,candle-79-new-york
EN7NxHdHwbK5UWQZVAVjDw,Kristie K.,4,candle-79-new-york
LK_pGahoQqa3hb4lKKYLzA,Veronica R.,3,candle-79-new-york
_1u8zd51m6AIK21w8hjcAg,R B.,5,candle-79-new-york
HpamVyXEZ0sVqp5ZedbS8Q,Morgan M.,2,candle-79-new-york
82re2hJ1hI5vgQSwMRYYXA,Sevrin A.,5,candle-79-new-york
vxzQU0BDNKLeOquFpbMjKw,GkNightOwl G.,4,candle-79-new-york
dMbMRfmX5AApq-9ZvWjdrA,Suanne L.,4,candle-79-new-york
e4186-PTDwSRTRswRiE_OA,David H.,4,candle-79-new-york
nbCFsVn_505Ncu8IhZoBPA,Ami G.,5,candle-79-new-york
7Qs8unMYMr33tbhYuMjU3g,Edward F.,5,candle-79-new-york
gnzd0OdgVxRm5wW2dRyvPg,Khaled A.,5,candle-79-new-york
XDWIe_6JjU2cHLDbIFEjmw,Angela P.,5,candle-79-new-york
f0d7bemWKDuRXVEkOV9xEg,Helen R.,4,candle-79-new-york
wZPizeBxMAyOSl0M0zuCjg,Jess L.,3,candle-79-new-york
ZMz-ZGeqO9hykcIV4DIdDg,Katherine N.,5,candle-79-new-york
EO1Cz15wYnHQ0aGc9T6tzw,Franco C.,4,candle-79-new-york
6TcQfbzZ3rQUZn6qoXrxvQ,Deepti N.,4,candle-79-new-york
9ulniQ4XcAcf7vpLy0a6cg,Benjamin F.,5,candle-79-new-york
CkM9FtxelvahpE9StyON3A,Nicki E.,5,candle-79-new-york
rYTVfPlPC_lHrSL2-huDQg,Kathleen S.,3,candle-79-new-york
FucUIUbYeZ4LSwfVoRf8Ww,Allyson D.,3,candle-79-new-york
NqJJZrh7OhkMRghJTXLrIQ,Robert S.,5,candle-79-new-york
kW2dk1CWihmh3g7k9N2G8A,Shradha A.,4,candle-79-new-york
monpKVj_VCdADBzalPKKIQ,Jenny S.,4,candle-79-new-york
nT-sNbcZDDo_9cWBPQSMQA,Lawrence C.,4,candle-79-new-york
_3Nbs4zYqEOSdQ78QcEJoQ,Teri L.,5,candle-79-new-york
jrAOihd8FrX0872rg4PBug,Rhys L.,5,candle-79-new-york
g1ByLmi_JUq_Agx7IADLXA,Ebie F.,5,candle-79-new-york
m5jeo-uWD9pE0OBD7lb4kA,Amanda U.,3,candle-79-new-york
mw-Iz8JF4MGZZX_pyHZfHg,Liz B.,5,candle-79-new-york
1dB-nSHBl4-zzX2IooLELw,Jessica G.,5,candle-79-new-york
CmzxPqCNZiIwfXkclFOUCg,Manish J.,4,candle-79-new-york
JPTsu5d0RRV2YBCWxbB5Tg,Ashlyn F.,4,candle-79-new-york
OUbAG4R--jS-qzusM6pV0Q,Faye F.,4,candle-79-new-york
kZJWAY828P8QZTqVYzhTCg,Fancypants X.,4,candle-79-new-york
Yo3ryHbgD7vOpxsi-gIutQ,Moon L.,5,candle-79-new-york
nF8AtFietMX3dHKw8DiY4w,Christina R.,4,candle-79-new-york
X1AMbzziSCJdpaA8438HjA,Billy P.,1,candle-79-new-york
b9G2XiwqTnFAi4QNKIe78g,Harry L.,4,aureole-new-york
9RxGVkjN0BlcIjpXFTF2tw,Ken H.,3,aureole-new-york
mcaJ_KyCXubJEM-jdSUMhg,Tracy R.,3,aureole-new-york
5kRskm0VUFLO6EObsofuRA,Harold L.,1,aureole-new-york
DNNkLmbwfI0ufKGqQfmvKQ,Daniel S.,4,aureole-new-york
HqMWEEsYIXoFhdDIX1NtrA,Stephanie C.,4,aureole-new-york
5XqSqjbSPo8S15iKMgPwlw,Yoshi M.,1,aureole-new-york
rlzeu3eaThXE6_UoRnj4iQ,Ivan Y.,4,aureole-new-york
xZnMY9lZekHG7I5SqxqQ1w,bryce k.,4,aureole-new-york
AVwEhCs0jYgbNGALd5jkhA,J L.,1,aureole-new-york
sgO-W7YX6ZHeNHQFOl3nGA,Jason N.,4,aureole-new-york
V3dArEc-FxzlXwqEXjAiAg,Dianne K.,4,aureole-new-york
82VT9Ub4HxhQ2NzUG04n_Q,Willie W.,5,aureole-new-york
2OjNNLpCCGrtfQtpcbhlkg,Cornbread T.,5,aureole-new-york
ZTNA95ofrVoSL8nc5vR2aA,JC C.,5,aureole-new-york
T9WSZ2rBA3YOwz1wdRpWHQ,Amy B.,4,aureole-new-york
kid-RQsL19lTpQ63_2lZ9w,CC W.,3,aureole-new-york
mY-pO5A38cGgILnLPxRsIA,Enrique M.,2,aureole-new-york
vtObQLfoyb69XDYiTbDq_Q,Rachel M.,4,aureole-new-york
wCrg8GPUGMqP6fczjuM4_w,Tim C.,4,aureole-new-york
7qSSHuBp7n2R16aUZkYnMQ,MmmBob B.,5,aureole-new-york
4dlY01wMmtWtGk3-FSxZkA,Steph D.,1,aureole-new-york
A-TuMQr_kvUvjd7B2fYD0g,Warren N.,1,aureole-new-york
T794Dkjs5ljHXmSRuYctxg,Jake K.,5,aureole-new-york
MWAoH6s8Ivjbdy9pvezAkw,Joan W.,4,aureole-new-york
u53ohBWIu7su-yAecJYgFQ,Ann K.,3,aureole-new-york
v0Cqa67AjoPYSDT-PcazZQ,Vivian L.,4,aureole-new-york
ptLIFLUPwg3MYt-J62s3iA,L J.,4,aureole-new-york
cbBxBySpq87KPiLG25N76Q,Daniel H.,4,aureole-new-york
sU50ZBMe4_s64QqoIHlhaw,Eva G.,3,aureole-new-york
Q8siUorJ25iorp3t-1f4Fg,Ben V.,5,aureole-new-york
ONO3Prlq46Mh7GCnjT1pbQ,Trevor P.,4,aureole-new-york
-uch0ftb3uw09vkm1pbeog,mike G.,4,aureole-new-york
RkJOXXgXPCPgSneAGVUNxw,Alison H.,4,aureole-new-york
slaFKSMi5_wU6sBruR6WAg,Marcia D.,3,aureole-new-york
twT1LrhxBfOmt3jT6PXD8Q,Mariana M.,3,aureole-new-york
tw3OYVmWMzL7cXaxGoLe3g,Kurt A.,3,aureole-new-york
gLIm7MuMCYHxUUt7mtjTlg,Randall S.,4,aureole-new-york
dac_ilxgXOGO1wHsPIkPog,John-Paul P.,3,aureole-new-york
oWV_Csz7h9A1IL209GUl5A,Michael T.,4,aureole-new-york
GAyuSpmW0q5uSMc2QcM1tw,Chris S.,4,tamarind-new-york
EBW16o-gGF1mzGC1LgjF_w,Thomas A.,3,tamarind-new-york
X1XWg6xrKbMr-JUWCLFWew,Anupama S.,1,tamarind-new-york
KX5fGdXQ4B0vSfraPre9ag,Alex I.,3,tamarind-new-york
qauSAKVT90oKzfMcntXxnA,Diana K.,4,tamarind-new-york
GYv8xJeLdN0aQq8dZqIH4w,Ameena D.,4,tamarind-new-york
_CP_wzyqx03XysoNN1QpOA,Shani S.,5,tamarind-new-york
IkqQDwwDuLpqmFf8VqNNkA,Scott L.,4,tamarind-new-york
OaX5FgIT9b8ubWZFHatyHw,Christine C.,4,tamarind-new-york
DzQFZvQwp7vHpFg7Rb_8yg,Jessica H.,3,tamarind-new-york
qQidbO6smYNK3swAuWRVfQ,Tech P.,5,tamarind-new-york
45Mo93U2i00Rwf_avf204A,Matthew R.,4,tamarind-new-york
cyWrqEUooJamPpbfq-k8hw,Nelson W.,5,tamarind-new-york
EvS-_bkojqk6PzCbq3JonA,Jeff Y Laura K.,5,tamarind-new-york
mZ3qGRv2Bv5Fuc3ePSeEyQ,Sangita P.,4,tamarind-new-york
wXNQa8Er2PoumGvUotdeRg,Drew E.,5,tamarind-new-york
WQnfyig39Xg5ni98ci-VBw,Laura O.,4,tamarind-new-york
CQCUgGOlE7traWCLQSCHsw,Anu J.,3,tamarind-new-york
9tIY0VO9W8bT-I2wQM9nWA,Radhika B.,4,tamarind-new-york
Om74L6VyCg515-1n8foT2w,Dave Z.,1,tamarind-new-york
gZKrQxAG2cpsXpwOMLvcow,Jenn S.,3,tamarind-new-york
PGaazPQP0jNIHNAv0tFFEg,Steven U.,1,tamarind-new-york
N1ZCuhN0EFevaIfn6uRTNQ,Alexandra C.,3,tamarind-new-york
lJ8ywdavWKPLVBzJpWw2ig,Sashi S.,2,tamarind-new-york
_wydk3y9o1OzE9q1Gtzd8Q,Manini M.,4,tamarind-new-york
xAW2IljiNgcf85HjmqUvJg,Samuel M.,3,tamarind-new-york
2hF74osS1cryijd88BpsXg,Navid T.,4,tamarind-new-york
XuS3r53z2tpM0FmSVUccjQ,Emily C.,4,tamarind-new-york
IfHo9BPvVpeuzY8lnJjN-A,Emm C.,5,tamarind-new-york
B2IzZdwCtWW6OCNQKB0UEA,Joan C.,5,tamarind-new-york
u7FfdG22aiqBDvTVDJ9MuA,Puneet k.,5,tamarind-new-york
9gO3NApDtqcnxFRZ1epTMA,eric w.,4,tamarind-new-york
HqMWEEsYIXoFhdDIX1NtrA,Stephanie C.,4,tamarind-new-york
bR75Cabwck9FBeRZUCQiKw,Vanessa X.,4,tamarind-new-york
HNZ9BuFSnO4VZ1TILOQ55Q,Michael A.,4,tamarind-new-york
Y4I5aZvZ5al68DeMq-BTkQ,Lavell D.,3,tamarind-new-york
90TSdpg2VPfYdW3e-T4W-A,James D.,3,tamarind-new-york
qcwvWLszr-ypbHm9rY9qvA,amanda p.,5,tamarind-new-york
BxNBl3VrzLBAkwpJ3EUgXg,Sar P.,3,tamarind-new-york
5d4J48WlBAM6CG3ABGvxBg,Reshma B.,4,tamarind-new-york
a7y42oiHjk-pNXuLsJhtAg,Kim G.,5,amma-new-york
fL8RELHxFv3TP-uNmuLF9Q,Rey B.,4,amma-new-york
JrdNViUyxTehQKiy9rOi6w,Janneira M.,4,amma-new-york
EC8ymewqjjb3psHABsrdKw,Ashwin M.,4,amma-new-york
Pf7lmGST22FHadO4wADG2Q,Ha- R.,4,amma-new-york
9tIY0VO9W8bT-I2wQM9nWA,Radhika B.,4,amma-new-york
ozlVgzC2Ty7ypyKhr_VKRQ,Michael W.,5,amma-new-york
i_mPde6xH8Ncpu1v2SJMHg,Sasha G.,5,amma-new-york
ErGJrK5PfD5SAPGCoDpyeQ,Sonam N.,1,amma-new-york
Kwz6LPHSIlHxN1SaNjiEIw,Emma M.,4,amma-new-york
43QXqwA8KBIb_m7IBtoEgQ,Allen Y.,4,amma-new-york
WM8oBq3rF-eQ3wDLijkkXg,Shawn W.,4,amma-new-york
E1p1QZj9sYDkoWLnIX-qsA,Vivek V.,4,amma-new-york
RGDyPqmNLKPdZ4VBf-6UKQ,zoe z.,4,amma-new-york
26aIbeEnhZIp8sPr9T---Q,Damon M.,5,amma-new-york
Hf8j3qzNrIqzmubxxDn-Pw,Diana K.,5,amma-new-york
UVlm7XdAvJCi-ywfEvbwEg,Regular G.,5,amma-new-york
74s2pZDB3w5jzXTSZ76NfA,Umika K.,5,amma-new-york
G1OWAjzO6iSa35yHEC8JXQ,Riya B.,3,amma-new-york
CpxblJiVTxrJqUsItb2Nsg,Rima C.,5,amma-new-york
k-ccA1KzyJTpMEjh75WmSQ,Isabella L.,4,amma-new-york
2UqrOR1ZnrPMj-uTXn4k2Q,Kat R.,4,amma-new-york
wquKzkGA2DXkK_hC-42YBQ,Karthik S.,1,amma-new-york
UglmPVorcPvq1IIDLuefFg,Lee G.,4,amma-new-york
CIDrWjy2WNxSUNbkmg5Kfg,Allison P.,5,amma-new-york
zDW4FFCOVI46A2kzjEfuzg,David C.,4,amma-new-york
33h9Jv4VKbbxB42CUD9WQg,Wahed K.,3,amma-new-york
G1B61HaiAowEn5UlvKPdqw,Ralph S.,5,amma-new-york
oCYxjlqjpnW5WJAo6HNR0A,Alison C.,4,amma-new-york
2xWMMMqyFi7M5JoHsUmPSA,Jessica L.,4,amma-new-york
U1yu2X0WIiZVODx0PO8H_g,Preethi T.,4,amma-new-york
Vq4QTo36pZSu3yNLm7BT0w,Isabel L.,3,amma-new-york
-baokz1qzs6ccylqggdohq,Angelica G.,5,amma-new-york
kXos5sriNfRbayfgHRaCbg,Danielle B.,4,amma-new-york
kW2dk1CWihmh3g7k9N2G8A,Shradha A.,3,amma-new-york
1BMTl8M5VUz77xcR4VHWKg,Danielle F.,1,amma-new-york
wkghUg2_ba0pzwsEiDy8iA,Dan T.,3,amma-new-york
MLq2es78vm63FKJYeh1Dog,Amy M.,4,amma-new-york
v40Ifwyznp0_1JaoKPw8og,Alicia G.,5,amma-new-york
X1U9yCmR2SfaVjEMgMYkyg,Andrew S.,3,amma-new-york
qAFPAqyh0tP6SbWoaUHBbw,Vinci Z.,5,sakagura-new-york
6wJUkXZ03Qw9qbxehpux-A,David P.,4,sakagura-new-york
29ixbdmc-qIXsDpBaQCSug,Tina Y.,4,sakagura-new-york
LVcYNLGkb44VfIeQCK9tDQ,John L.,5,sakagura-new-york
evRwCG9m-lwfL5TeCwrAhg,Ryan F.,5,sakagura-new-york
WoHvS1xCeyikaBATXpd_cw,Madhu R.,5,sakagura-new-york
gu_1-o6fZTJL-M6rbQf6mQ,Shamik T.,4,sakagura-new-york
6JPLaHmKw1j8KozA7C6t3Q,Lpad C.,3,sakagura-new-york
FC1ZSB9fd4WlDMSAbEjq8Q,Stephanie Q.,5,sakagura-new-york
fSAXDAT1-kHWjHmKPS5XhA,Cheryl H.,5,sakagura-new-york
ZfmoqDv4zPWZHaxO1HCbaA,Goo F.,4,sakagura-new-york
KRs1_BWofrey9L2jL5xeeA,Nick C.,5,sakagura-new-york
97vRw5VOCJIPKsJNIXM4OA,Lisa S.,3,sakagura-new-york
k6N2nmNWgDNd1P0UopimMw,Swan Z.,4,sakagura-new-york
0FUp_4coC1MxoyujWhDdIA,Will C.,4,sakagura-new-york
jJx8aXRv1gUwoPDbpF26Mg,Allison M.,5,sakagura-new-york
JITt4DBC550bSK3rNBlEOQ,Caitlin S.,5,sakagura-new-york
D2WBLgdkgS69phazNyk8fA,Cynthia M.,5,sakagura-new-york
pF1k48uCdLv3clPQXp0d7A,Daniel B.,5,sakagura-new-york
AtZ5hAERArUCN-9L6SnoPA,Leslie D.,4,sakagura-new-york
EvrT_21w6SsR7c5No-QcLQ,Christopher C.,5,sakagura-new-york
Rkx9NlASNIx-arKnxyAosg,A H.,2,sakagura-new-york
UvaqrjVexM8RQrQN8TB70Q,Josh B.,3,sakagura-new-york
33h9Jv4VKbbxB42CUD9WQg,Wahed K.,5,sakagura-new-york
UqP_EOPKa-MQfydgWXsxvw,Peter K.,4,sakagura-new-york
cJLmcG_a1BcKEkAutA2sFA,the asian jedi ..,5,sakagura-new-york
Kt7Zp1b9i-AE4yOQiktpGQ,Anna Y.,4,sakagura-new-york
yra16HpvxNfdG2DHqd_DeA,Sumito A.,4,sakagura-new-york
gZKrQxAG2cpsXpwOMLvcow,Jenn S.,5,sakagura-new-york
HI7z_PWlcjGtdz-Yd_aPiw,seven s.,5,sakagura-new-york
1SeR43Rk8HqqEAXnqan9Ig,M H.,3,sakagura-new-york
CmHAcRQ3EQ68uEboJWVGPw,Erica S.,5,sakagura-new-york
viNOZqySkHquatANVePkrQ,Mia W.,5,sakagura-new-york
0KvZhLfKkiYwg4EGUsnnYQ,Joann L.,4,sakagura-new-york
DKmUukETiMVidu548TE-zw,Candice B.,4,sakagura-new-york
-gkojdxdsvqf0ren0rgd6w,Yuhe C.,5,sakagura-new-york
F5cH-_5ywgcQcaj_MQKUbQ,Allison G.,4,sakagura-new-york
uXm25gfqMm5THrpVeEN-wQ,Logan M.,4,sakagura-new-york
vhBrattXdA1dy9hbBEAZCw,Lily A.,5,sakagura-new-york
pcPCcqT19uTNTTja4D6M8g,Gabriele K.,4,sakagura-new-york
2Fvbxp9SSBj0jGl0Wpsyug,Jeff H.,5,queen-italian-restaurant-brooklyn
PPuK3vKlgoWlTF2rfvFD8A,Ken C.,3,queen-italian-restaurant-brooklyn
lGFlkzeufHvN1LAZmWgcJw,Brian Paul M.,5,queen-italian-restaurant-brooklyn
kQOCANXRsPgCXb4eqDx7dw,Susan L.,3,queen-italian-restaurant-brooklyn
M15MD8q2mTzxAAmwkeo7DQ,Ashley K.,5,queen-italian-restaurant-brooklyn
wjClsIuhEjZN2OlkoFPKnQ,Krista J.,5,queen-italian-restaurant-brooklyn
HiKXqt366G3FmHZyIxM20g,Keyshaun S.,5,queen-italian-restaurant-brooklyn
iXCPdXKgTX2dBUWp_RlLsA,R Z.,4,queen-italian-restaurant-brooklyn
-skdk9egkmc7ghkr1gwghw,Justin S.,4,queen-italian-restaurant-brooklyn
Adhlj4IuZZ3JsYqnA5Y_1w,Katie K.,5,queen-italian-restaurant-brooklyn
wkpct0phn0dGBADy-r2dSw,Alfred V.,5,queen-italian-restaurant-brooklyn
wCsUDt0ZgcTVXj3oyiqmpw,Glam D.,5,queen-italian-restaurant-brooklyn
1G6alNX5I1ooExJl9UVPHw,Sabrina C.,5,queen-italian-restaurant-brooklyn
QwWD-SLuOth_Jszfvq6vcw,Undercova A.,4,queen-italian-restaurant-brooklyn
WM52J5dGOCgePTDujJLR-g,Michael P.,5,queen-italian-restaurant-brooklyn
3-t3jE1ZQDgCc-QARFIUMQ,Gary P.,5,queen-italian-restaurant-brooklyn
r6LygkA_VPWlvXh-zNAAMg,Cara M.,1,queen-italian-restaurant-brooklyn
FZJuFAyZEvrEKR_HHRcBqg,Camille R.,5,queen-italian-restaurant-brooklyn
glbHWzth8YYhkS4dhBS81Q,Hirono S.,5,queen-italian-restaurant-brooklyn
R1bIQRSNg0us37blGV5JrQ,Andrew A.,5,queen-italian-restaurant-brooklyn
PGgkEGbRg9t5w1W7jtcf6g,Art A.,1,queen-italian-restaurant-brooklyn
8RXd4SBVbXJnwvEmPX3vbg,Caterina M.,4,queen-italian-restaurant-brooklyn
6YOE--86-3L_HKsiUN11zA,David G.,5,queen-italian-restaurant-brooklyn
HJdFNtGwRUpDI6KvorA4cw,Justin L.,5,queen-italian-restaurant-brooklyn
gkjJQMKmTfb_mpRBnAAMdg,Scott C.,4,queen-italian-restaurant-brooklyn
P6XiEsj7fkiTfx7TGLxgIA,Haley C.,3,queen-italian-restaurant-brooklyn
OCmp8Iwc9MQMsh9Cqw5mDw,Josef K.,4,queen-italian-restaurant-brooklyn
pRUwTOTHtK7o4rREnUhm1g,d'N'L m.,3,queen-italian-restaurant-brooklyn
bfvpN2Sa-UbBzdDiKd_KFg,Katharine H.,1,queen-italian-restaurant-brooklyn
ECwR5fM0lC-MFjnXhqKCTQ,Wally W.,5,queen-italian-restaurant-brooklyn
fuRLcgWVqqAHdJwltcWP_A,Eugene O.,5,queen-italian-restaurant-brooklyn
CY9iLsE2z_yLhLqJdD1WGw,Anthony M.,5,queen-italian-restaurant-brooklyn
wysoUcHx8q5eySS_AKvJGg,Kelly S.,5,queen-italian-restaurant-brooklyn
5crqm-hnnpMCZ3JolKL4Bg,Olivia G.,4,queen-italian-restaurant-brooklyn
wz_XT_IpLpEUz0gd1Lzpiw,Vanessa B.,4,queen-italian-restaurant-brooklyn
vPgbln2h0kqsCVvMMQytJQ,Brett W.,4,queen-italian-restaurant-brooklyn
AsEMeS1zM8bYHU0elh9PeA,Sivan H.,4,queen-italian-restaurant-brooklyn
yfcCWMXfGkmLMsi1tVeohQ,Pete d.,4,queen-italian-restaurant-brooklyn
078cV7nhmKZEczFZVQYT0w,Jimmy S.,4,queen-italian-restaurant-brooklyn
KeJkFXzEamY3f7lNDnxefA,Kristia B.,3,queen-italian-restaurant-brooklyn
RuY7EoaMPbF2jXWHTGtlgA,Hana Y.,4,lure-fishbar-new-york
zWVnSiFuiy4ji_0LRP8vRg,Nat F.,4,lure-fishbar-new-york
hYPS8lMddaw7HESyRJV5TQ,Alis H.,4,lure-fishbar-new-york
GP6J1dSCX2qB1n323I6bQQ,Ann T.,3,lure-fishbar-new-york
nbcEp5txGmZCxTTQXZdTEA,Kerry P.,2,lure-fishbar-new-york
eCcP_PZzRzeg7qI0mHK71w,Pam H.,4,lure-fishbar-new-york
jOz1Tdb1XgnTh4yyIGvOaA,Carolyn K.,4,lure-fishbar-new-york
yIVGuewF1TkzxdlSGeccAw,Ji-ste R.,4,lure-fishbar-new-york
IYhexuvE0Mh0KdVuNey1fg,Caroline C.,4,lure-fishbar-new-york
szUqQBw8Xl5RExjRqTQsoQ,Michelle T.,4,lure-fishbar-new-york
Rvn-Ymc8_9z4vbcm2ZwenQ,Ryna D.,4,lure-fishbar-new-york
g3n_4X2B9hF4Sqe0Hbx2HA,Gloria C.,4,lure-fishbar-new-york
Ox0iRRV1SZWz2plEz4ozyA,Dana F.,5,lure-fishbar-new-york
lQgBcKoDJot2nexLX9mZ-A,Jonathan A.,4,lure-fishbar-new-york
elCNItk_5XKEkMdL4ybAKw,Herman S.,5,lure-fishbar-new-york
oID4QGAu8v1mQfKOSEt_Bg,Olga T.,4,lure-fishbar-new-york
hF40iD4UqSplkW5CvFcYyA,Bennie S.,3,lure-fishbar-new-york
zqLIwaP4Vc-BBizdBEDHkw,John F.,5,lure-fishbar-new-york
knpYDiwgHNQQ6MltRYBREQ,Danielle M.,4,lure-fishbar-new-york
YvBvdwVjfSlcVKrOjjPt4g,Samantha L.,3,lure-fishbar-new-york
C07fuTl3zGkqL_OYYtijtw,Laura K.,4,lure-fishbar-new-york
fYJFXfD_chNvdIutpslFAQ,Marcy R.,5,lure-fishbar-new-york
hLVtw8BCQMrsra6_THVSbQ,Tommy K.,4,lure-fishbar-new-york
HA4uXiIpP10IQetzCrpiHg,Lisa L.,1,lure-fishbar-new-york
EPSzhOEb3ZfZ_XkgSD4j1g,Nyota W.,3,lure-fishbar-new-york
_73PpASqaUqdnY_z7-FQfA,Ray C.,4,lure-fishbar-new-york
-dahadc7tvvp2pwsfdhedg,Cathy M.,4,lure-fishbar-new-york
IJoAM_hejZJuqpYmZPVvbA,Johnny C.,5,lure-fishbar-new-york
fgzap3SjtP9ZCfaXEPB5rQ,Dan R.,4,lure-fishbar-new-york
gqxnGunW6h38CcnEGRlViw,Lisa W.,5,lure-fishbar-new-york
_Rd9-jocqVbvqqyI3VJ7TA,Michael N.,4,lure-fishbar-new-york
KisZIfo92_OB_hMa7TvM5A,Sasha B.,4,lure-fishbar-new-york
887-WxTKfe6Tcj3o4nNcfQ,Laura S.,4,lure-fishbar-new-york
xmSfcGW8W4N-m3YvxinHag,Meghan A.,4,lure-fishbar-new-york
nI61DQjJze_JER-L2wVTwA,Michelle C.,4,lure-fishbar-new-york
8I2EXsSuXFOhRhQFfi3yjA,Selena L.,5,lure-fishbar-new-york
byZxwE_uQs043WirYULW0A,Monica J.,4,lure-fishbar-new-york
EvrT_21w6SsR7c5No-QcLQ,Christopher C.,4,lure-fishbar-new-york
1ubapCDTvmjmHNv8wLc6yQ,Rachel D.,5,lure-fishbar-new-york
GzF6Tj9xPq8aidsK9PPFug,Laundrew S.,5,lure-fishbar-new-york
3F_qSpruK6pl0WLw0_Lptg,Jordan S.,5,jungsik-new-york
oH9K7eCuNsYr6MmlM2ZjUg,Buo Z.,3,jungsik-new-york
u6Z1B5YdCLJHEbocIBhQwQ,Lily T.,5,jungsik-new-york
hjbljNSmdUW8R34UiIm9Bg,Monte H.,5,jungsik-new-york
5oeixOZXxlnsm0pCMtRUjg,Randie K.,5,jungsik-new-york
VUAWXSK_1mhhy1XKStjQ7A,Justin B.,5,jungsik-new-york
Upp0Dx7uw0KJuCMAF4EdtQ,Leah B.,5,jungsik-new-york
IGIysxLGivyIV8yNk1LR4Q,Yunji L.,5,jungsik-new-york
q0Zt-a4qakP-mGllyh8ePQ,a r.,5,jungsik-new-york
kchKNyr1C5Bs-C6Lqmp4Eg,Cari D.,5,jungsik-new-york
VbiGINhSpPrGfo_Y57Ar6g,J K.,5,jungsik-new-york
bwpP229VPRUnQYAgTd2_OA,Alessandro P.,5,jungsik-new-york
KISn_I9-whSiOtHuFOEntA,Rebecca Y.,5,jungsik-new-york
XS7WYuwnWjm0bcImTZZYNg,Vicki L.,5,jungsik-new-york
y6UplUH72gl3eBtG6ACa1w,Ellen O.,5,jungsik-new-york
ZV9OHpVvOgbyY36kFVWPVA,Pete M.,5,jungsik-new-york
9dNe65Uuz3h--Y9l7-Fqvw,Tim K.,5,jungsik-new-york
XjH81cZa0Gr1L7aL4Zvfdw,K T.,2,jungsik-new-york
45oM6fhCGILLDm7ScHWx1g,Tastevin T.,4,jungsik-new-york
buvchQ89fp29NlUUTiui-w,Noemi S.,5,jungsik-new-york
4aKBSZVBUSq1nfTrOHlAvQ,Tina Y.,5,jungsik-new-york
AQD1EJMHV42TM-mXyIXGjg,Ken W.,5,jungsik-new-york
b13R4ttSFoA8Mak7aL3IQg,Carol C.,5,jungsik-new-york
JG33WrLcy88dk81TtOtRkQ,Erin K.,5,jungsik-new-york
IhnlU7PWn1czjngGzG5_8g,Stacey K.,5,jungsik-new-york
KisZIfo92_OB_hMa7TvM5A,Sasha B.,4,jungsik-new-york
3uqjuJq3IFt6f-ASU-ZHXw,L T.,3,jungsik-new-york
GF_Ceb_kQZdomX4EywHpQQ,Stacey S.,5,jungsik-new-york
Cp9uquJUmILJ3-OiVDl2uQ,Ben R.,5,jungsik-new-york
lDw7zkc9S5PPwpbPJYRE7w,p p.,5,jungsik-new-york
2xN4wqEMpBUG3PFy0ThbIw,Jordan D.,4,jungsik-new-york
71H7sf1m7OwvrCVj13LJAg,Jase E.,4,jungsik-new-york
Z3pBGiRZOzxBoUz0Ric18g,Jonas B.,5,jungsik-new-york
h6Kbt7DuQ53QCTcCiARqIw,Canh T.,4,jungsik-new-york
xnbXMpufk60x2DXji3GK2A,Brian T.,5,jungsik-new-york
BAAKaScq9e96wT3UJmtUzw,Elena V.,4,jungsik-new-york
1pILL2MTMo9HcKou23qLDw,David P.,5,jungsik-new-york
Ei4DL2evbOvkoIK2aVxXLw,J.b. P.,5,jungsik-new-york
Cr1-jItXYxrpeuG4abvkzg,Cutie patroller ..,4,jungsik-new-york
sCCJsk38T49wUA12dQzyiA,Tatyana M.,5,jungsik-new-york
